{"filename":"/home/kunal/Documents/IFSC_Reverse_Lookup/loki/output/DLXB.json","collections":[{"name":"bin","data":[{"BANK":"DHANALAKSHMI BANK","IFSC":"DLXB0000001","BRANCH":"THRISSUR MAIN","ADDRESS":"NAICKANAL JUNCTION THE ROUND THRISSUR","CONTACT":"6453962","CITY":"THRISSUR","DISTRICT":"THRISSUR","STATE":"KERALA","RTGS":true,"meta":{"revision":0,"created":1516690522655,"version":0},"$loki":1},{"BANK":"DHANALAKSHMI BANK","IFSC":"DLXB0000002","BRANCH":"EKM-SHANMUGAM ROAD","ADDRESS":"C/40/664(2), ALEX BUILDG , SHANMUGHAM ROAD, ERNAKULAM-31","CONTACT":"6453521","CITY":"KOCHI","DISTRICT":"KOCHI","STATE":"KERALA","RTGS":true,"meta":{"revision":0,"created":1516690522655,"version":0},"$loki":2},{"BANK":"DHANALAKSHMI BANK","IFSC":"DLXB0000003","BRANCH":"PALAKKAD-BIG BAZAR","ADDRESS":"1ST FLOOR, HAJEE COMPLEX, MARKET ROAD, PALAKKAD","CONTACT":"6452289","CITY":"PALAKKAD","DISTRICT":"PALAKKAD","STATE":"KERALA","RTGS":true,"meta":{"revision":0,"created":1516690522656,"version":0},"$loki":3},{"BANK":"DHANALAKSHMI BANK","IFSC":"DLXB0000004","BRANCH":"THRISSUR-PUSPAGIRI","ADDRESS":"GROUND FLOOR DHANALAKSHMI COMPLEX, DHANALAKSHMI BUILDINGS PUNKUNNAM,THRISSUR","CONTACT":"6453956","CITY":"THRISSUR","DISTRICT":"THRISSUR","STATE":"KERALA","RTGS":true,"meta":{"revision":0,"created":1516690522656,"version":0},"$loki":4},{"BANK":"DHANALAKSHMI BANK","IFSC":"DLXB0000005","BRANCH":"PERINGOTTUKARA","ADDRESS":"VEMBANAT BUILDING EAST NADA, TRIPRAYAR PERINGOTTUKARA THRISSUR DIST","CONTACT":"6454004","CITY":"VALAPAD","DISTRICT":"VALAPAD","STATE":"KERALA","RTGS":true,"meta":{"revision":0,"created":1516690522656,"version":0},"$loki":5},{"BANK":"DHANALAKSHMI BANK","IFSC":"DLXB0000006","BRANCH":"KANJANY","ADDRESS":"I/359, THOTUPURA SN BLDG., KANJANY CENTRE, VADANAPPILLY ROAD , THRISSUR DIST","CONTACT":"2630227","CITY":"VADANAPPALLY","DISTRICT":"VADANAPPALLY","STATE":"KERALA","RTGS":true,"meta":{"revision":0,"created":1516690522656,"version":0},"$loki":6},{"BANK":"DHANALAKSHMI BANK","IFSC":"DLXB0000007","BRANCH":"KALPARAMBA","ADDRESS":"KALPARAMBA, , ARIPALAM (P O), VIA IRANJALAGUDA TRICHUR DIST KERALA STATE, 680688","CONTACT":"9287276494","CITY":"KALPARAMBA","DISTRICT":"KALPARAMBA","STATE":"KERALA","RTGS":true,"meta":{"revision":0,"created":1516690522656,"version":0},"$loki":7},{"BANK":"DHANALAKSHMI BANK","IFSC":"DLXB0000008","BRANCH":"KODAKARA","ADDRESS":"IST FLOOR, K.R.COMPLEX, KODAKARA, THRISSUR.","CONTACT":"9287276617","CITY":"KODAKARA","DISTRICT":"KODAKARA","STATE":"KERALA","RTGS":true,"meta":{"revision":0,"created":1516690522656,"version":0},"$loki":8},{"BANK":"DHANALAKSHMI BANK","IFSC":"DLXB0000009","BRANCH":"THRISSUR-HIGH ROAD","ADDRESS":"XXV/1103 HIGH ROAD, THRISSUR","CONTACT":"6453960","CITY":"THRISSUR","DISTRICT":"THRISSUR","STATE":"KERALA","RTGS":true,"meta":{"revision":0,"created":1516690522656,"version":0},"$loki":9},{"BANK":"DHANALAKSHMI BANK","IFSC":"DLXB0000010","BRANCH":"KUNNAMKULAM","ADDRESS":"1/804-M WADAKKANCHERY ROAD P.B.NO.26 KUNNAMKULAM","CONTACT":"9287276525","CITY":"KUNNAMKULAM","DISTRICT":"KUNNAMKULAM","STATE":"KERALA","RTGS":true,"meta":{"revision":0,"created":1516690522656,"version":0},"$loki":10},{"BANK":"DHANALAKSHMI BANK","IFSC":"DLXB0000011","BRANCH":"PAZHANJI","ADDRESS":"PAZHANJI-KATTAKAMPAL ROAD PAZHANJI THRISSUR DIST","CONTACT":"9287202447","CITY":"PAZHANJI","DISTRICT":"PAZHANJI","STATE":"KERALA","RTGS":true,"meta":{"revision":0,"created":1516690522656,"version":0},"$loki":11},{"BANK":"DHANALAKSHMI BANK","IFSC":"DLXB0000012","BRANCH":"IRINJALAKUDA","ADDRESS":"PB NO:14,DOOR NO XIX/546H CHITTILAPPILLY TOWERS, OPP TOWN HALL, NEAR BUS STAN, IRINJALAKUDA","CONTACT":"6450165","CITY":"IRINJALAKUDA","DISTRICT":"IRINJALAKUDA","STATE":"KERALA","RTGS":true,"meta":{"revision":0,"created":1516690522656,"version":0},"$loki":12},{"BANK":"DHANALAKSHMI BANK","IFSC":"DLXB0000013","BRANCH":"CHERTHALA","ADDRESS":"CMC IV/165 A BMG COMPLEX, NORTH GATE KARTHIAYINI TEMPLE ROAD CHERTHALA","CONTACT":"6450232","CITY":"CHERTHALA","DISTRICT":"CHERTHALA","STATE":"KERALA","RTGS":true,"meta":{"revision":0,"created":1516690522656,"version":0},"$loki":13},{"BANK":"DHANALAKSHMI BANK","IFSC":"DLXB0000014","BRANCH":"KUTHIATHODE","ADDRESS":"KUTHIYATHODE, FIRST FLOOR R K COMPLEX, ALLEPPY DIST KERALA STATE, 688533","CONTACT":"6450272","CITY":"KUTHIATHODE","DISTRICT":"KUTHIATHODE","STATE":"KERALA","RTGS":true,"meta":{"revision":0,"created":1516690522656,"version":0},"$loki":14},{"BANK":"DHANALAKSHMI BANK","IFSC":"DLXB0000015","BRANCH":"THRISSUR-ROUND SOUTH","ADDRESS":"1ST FLOOR \"\"PATHAYAPURA\"\" PARAMEKKAVU DEVSWOM BUILD ROUND SOUTH THRISSUR","CONTACT":"6453959","CITY":"THRISSUR","DISTRICT":"THRISSUR","STATE":"KERALA","RTGS":true,"meta":{"revision":0,"created":1516690522656,"version":0},"$loki":15},{"BANK":"DHANALAKSHMI BANK","IFSC":"DLXB0000016","BRANCH":"PARLI","ADDRESS":"VII/146 SHORNUR ROAD PARLI PALAKKAD","CONTACT":"6452283","CITY":"PARLI","DISTRICT":"PARLI","STATE":"KERALA","RTGS":true,"meta":{"revision":0,"created":1516690522656,"version":0},"$loki":16},{"BANK":"DHANALAKSHMI BANK","IFSC":"DLXB0000017","BRANCH":"MATTANCHERRY","ADDRESS":"P B NO:303, VI/368 ANAVATHIL, MATTANCHERRY EKM DIST","CONTACT":"6453463","CITY":"KOCHI","DISTRICT":"KOCHI","STATE":"KERALA","RTGS":true,"meta":{"revision":0,"created":1516690522656,"version":0},"$loki":17},{"BANK":"DHANALAKSHMI BANK","IFSC":"DLXB0000018","BRANCH":"PALLURUTHY","ADDRESS":"23/2642 C ASB ESTATE. PALLURUTHY ERNAKULAM DIST","CONTACT":"6453526","CITY":"KOCHI","DISTRICT":"KOCHI","STATE":"KERALA","RTGS":true,"meta":{"revision":0,"created":1516690522656,"version":0},"$loki":18},{"BANK":"DHANALAKSHMI BANK","IFSC":"DLXB0000019","BRANCH":"VADAKKENCHERRY","ADDRESS":"NO:III/901-H,FIRST FLOOR SHAH TOWERS VADAKKENCHERRY PALAKKAD DIST","CONTACT":"9287276592","CITY":"VADAKKANCHERI","DISTRICT":"VADAKKANCHERI","STATE":"KERALA","RTGS":true,"meta":{"revision":0,"created":1516690522656,"version":0},"$loki":19},{"BANK":"DHANALAKSHMI BANK","IFSC":"DLXB0000020","BRANCH":"EDAPPAL","ADDRESS":"6/485 PALGHAT ROAD P.B.NO.2 EDAPPAL, MALAPPURAM","CONTACT":"6450260","CITY":"EDAPPAL","DISTRICT":"EDAPPAL","STATE":"KERALA","RTGS":true,"meta":{"revision":0,"created":1516690522656,"version":0},"$loki":20},{"BANK":"DHANALAKSHMI BANK","IFSC":"DLXB0000021","BRANCH":"CHERUTHURUTHY","ADDRESS":"IX/139, MAIN ROAD, CHERUTHURUTHY, THRISSUR DIST.","CONTACT":"9287276482","CITY":"CHERUTHURUTHY","DISTRICT":"CHERUTHURUTHY","STATE":"KERALA","RTGS":true,"meta":{"revision":0,"created":1516690522656,"version":0},"$loki":21},{"BANK":"DHANALAKSHMI BANK","IFSC":"DLXB0000022","BRANCH":"PATTAMBI","ADDRESS":"PB NO.3,DOOR NO.5/1672, 1ST FLOOR, YEMKAY TRADE CENTRE, MAIN ROAD, PATTAMBI 679 303","CONTACT":"9287276560","CITY":"PATTAMBI","DISTRICT":"PATTAMBI","STATE":"KERALA","RTGS":true,"meta":{"revision":0,"created":1516690522656,"version":0},"$loki":22},{"BANK":"DHANALAKSHMI BANK","IFSC":"DLXB0000023","BRANCH":"PAZHAYANNUR","ADDRESS":"PB NO;9, 1ST FLOOR, PRABHALA SHOPPING COMPLEX MAIN ROAD,PAZHAYANNUR THRISSUR","CONTACT":"4225023","CITY":"PAZHAYANNUR","DISTRICT":"PAZHAYANNUR","STATE":"KERALA","RTGS":true,"meta":{"revision":0,"created":1516690522656,"version":0},"$loki":23},{"BANK":"DHANALAKSHMI BANK","IFSC":"DLXB0000024","BRANCH":"KUZHUPALLY","ADDRESS":"SRI BALAKRISHNA SWAMY DEWASOM COMP, VYPEEN MUNAMBAM ROAD AYYANPILLY P O KUZHUPPALLI KERALA STATE, 682501","CONTACT":"6453454","CITY":"KUZHUPILLY","DISTRICT":"KUZHUPILLY","STATE":"KERALA","RTGS":true,"meta":{"revision":0,"created":1516690522656,"version":0},"$loki":24},{"BANK":"DHANALAKSHMI BANK","IFSC":"DLXB0000025","BRANCH":"HARIPAD","ADDRESS":"P.BNO:1, SREE MURUGAN BLDG.,TION NEAR TOWN HALL JUNCTION HARIPAD","CONTACT":"6452295","CITY":"HARIPAD","DISTRICT":"HARIPAD","STATE":"KERALA","RTGS":true,"meta":{"revision":0,"created":1516690522656,"version":0},"$loki":25},{"BANK":"DHANALAKSHMI BANK","IFSC":"DLXB0000026","BRANCH":"KONGAD","ADDRESS":"KRISHNA BUILDING, MAIN ROAD KONGAD PALAKKAD DIST. KONGAD, KERALA, 678631","CONTACT":"6452278","CITY":"KONGAD","DISTRICT":"KONGAD","STATE":"KERALA","RTGS":true,"meta":{"revision":0,"created":1516690522656,"version":0},"$loki":26},{"BANK":"DHANALAKSHMI BANK","IFSC":"DLXB0000027","BRANCH":"S L PURAM","ADDRESS":"287, MAIN ROAD, SL PURAM P O SL PURAM KANJIKKUZHI,ALPPUZHA, KERALA, 688523","CONTACT":"6450276","CITY":"KANJIKUZHI","DISTRICT":"KANJIKUZHI","STATE":"KERALA","RTGS":true,"meta":{"revision":0,"created":1516690522656,"version":0},"$loki":27},{"BANK":"DHANALAKSHMI BANK","IFSC":"DLXB0000028","BRANCH":"THIRUVANCHIKULAM","ADDRESS":"P B NO. 17 863 A ,DHARMARAJ BUILDING SRINGAPURAM,KODUGALLUR TRISSUR DIST","CONTACT":"6450245","CITY":"KODUNGALLUR","DISTRICT":"KODUNGALLUR","STATE":"KERALA","RTGS":true,"meta":{"revision":0,"created":1516690522656,"version":0},"$loki":28},{"BANK":"DHANALAKSHMI BANK","IFSC":"DLXB0000029","BRANCH":"KUNISSERY","ADDRESS":"ALATTUR PALAKKAD ROAD, KUNNISSERY PALAKKAD DIST, KERALA, 678681","CONTACT":"2234248","CITY":"KUNISSERY","DISTRICT":"KUNISSERY","STATE":"KERALA","RTGS":true,"meta":{"revision":0,"created":1516690522656,"version":0},"$loki":29},{"BANK":"DHANALAKSHMI BANK","IFSC":"DLXB0000030","BRANCH":"PARAPPUR","ADDRESS":"6/407 THOLUR PANCHAYATH, PARAPPUR JUNCTION PARAPPUR TRICHUR, KERALA, 680552","CONTACT":"2285678","CITY":"PARAPPUR","DISTRICT":"PARAPPUR","STATE":"KERALA","RTGS":true,"meta":{"revision":0,"created":1516690522656,"version":0},"$loki":30},{"BANK":"DHANALAKSHMI BANK","IFSC":"DLXB0000031","BRANCH":"CHERANELLUR","ADDRESS":"VIA EDAPPALLY ERNAKULAM DIST.","CONTACT":"6453401","CITY":"KOCHI","DISTRICT":"KOCHI","STATE":"KERALA","RTGS":true,"meta":{"revision":0,"created":1516690522656,"version":0},"$loki":31},{"BANK":"DHANALAKSHMI BANK","IFSC":"DLXB0000032","BRANCH":"THAZHAVA","ADDRESS":"BLDG.NO:TP 9/371A, PC ROAD, SRP MARKET, NEAR SAG THEATRE,THAZHAVA KOLLAM.","CONTACT":"2664323","CITY":"MYNAGAPALLY","DISTRICT":"MYNAGAPALLY","STATE":"KERALA","RTGS":true,"meta":{"revision":0,"created":1516690522656,"version":0},"$loki":32},{"BANK":"DHANALAKSHMI BANK","IFSC":"DLXB0000033","BRANCH":"THACHAMPARA","ADDRESS":"THUNDIL COMPLEX, CALICUT ROAD THACHAMPARA , KERALA, 678593","CONTACT":"9287276583","CITY":"TACHAMPARA","DISTRICT":"TACHAMPARA","STATE":"KERALA","RTGS":true,"meta":{"revision":0,"created":1516690522656,"version":0},"$loki":33},{"BANK":"DHANALAKSHMI BANK","IFSC":"DLXB0000034","BRANCH":"ALOOR","ADDRESS":"577 G, FIRST FLOOR ST.JOSEPH CHURCH SHOPPING COMPLEX,NEAR ESI DISPENSARY, ALOOR ,TCR","CONTACT":"6450161","CITY":"KODAKARA","DISTRICT":"KODAKARA","STATE":"KERALA","RTGS":true,"meta":{"revision":0,"created":1516690522656,"version":0},"$loki":34},{"BANK":"DHANALAKSHMI BANK","IFSC":"DLXB0000035","BRANCH":"KAINAKARY","ADDRESS":"BUILDING NO 96/5, KAINAKARI ALAPUZHA DIST. KAINAKARI, KERALA, 688501","CONTACT":"6451327","CITY":"KAINAKARY","DISTRICT":"KAINAKARY","STATE":"KERALA","RTGS":true,"meta":{"revision":0,"created":1516690522656,"version":0},"$loki":35},{"BANK":"DHANALAKSHMI BANK","IFSC":"DLXB0000036","BRANCH":"PUNNAKUNNAM","ADDRESS":"PULINKUNNU P.O. PUNNAKUNNAM ALAPUZHA","CONTACT":"6451362","CITY":"PULINCUNNOO","DISTRICT":"PULINCUNNOO","STATE":"KERALA","RTGS":true,"meta":{"revision":0,"created":1516690522656,"version":0},"$loki":36},{"BANK":"DHANALAKSHMI BANK","IFSC":"DLXB0000037","BRANCH":"TVM-VAZHUTHACAUD","ADDRESS":"HDFC HOUSE VAZHUTHACAUD THIRUVANANTHAPURAM PIN - 695 010.","CONTACT":"6451153","CITY":"THIRUVANANTHAPURAM","DISTRICT":"THIRUVANANTHAPURAM","STATE":"KERALA","RTGS":true,"meta":{"revision":0,"created":1516690522656,"version":0},"$loki":37},{"BANK":"DHANALAKSHMI BANK","IFSC":"DLXB0000038","BRANCH":"EKM-PALARIVATTOM","ADDRESS":"GROUND FLOOR,K M M BUILDI 32/2383 A-1,OP.KSEB OFFIC S N JUNCTION PALARIVATTOM ERNAMKULAM","CONTACT":"6453440","CITY":"KOCHI","DISTRICT":"KOCHI","STATE":"KERALA","RTGS":true,"meta":{"revision":0,"created":1516690522656,"version":0},"$loki":38},{"BANK":"DHANALAKSHMI BANK","IFSC":"DLXB0000040","BRANCH":"KARAKULAM","ADDRESS":"KP/1024 A,KRP BLDGS., PALAM JUNCTION,VAZHAYILA, KARAKULAM, THIRUVANANTHAPURAM","CONTACT":"2371288","CITY":"KARAKULAM","DISTRICT":"KARAKULAM","STATE":"KERALA","RTGS":true,"meta":{"revision":0,"created":1516690522656,"version":0},"$loki":39},{"BANK":"DHANALAKSHMI BANK","IFSC":"DLXB0000041","BRANCH":"KOZHIKODE","ADDRESS":"17/1341 H,RAM MOHAN ROAD, CHINTHAVALAPPU, KOZHIKODE","CONTACT":"6453463","CITY":"CALICUT","DISTRICT":"CALICUT","STATE":"KERALA","RTGS":true,"meta":{"revision":0,"created":1516690522656,"version":0},"$loki":40},{"BANK":"DHANALAKSHMI BANK","IFSC":"DLXB0000042","BRANCH":"MUNDUR","ADDRESS":"SAHABA COMPLEX,1ST FLOOR TRICHUR GURUVAYUR ROAD MUNDUR THRISSUR DIST","CONTACT":"2211252","CITY":"THRISSUR","DISTRICT":"THRISSUR","STATE":"KERALA","RTGS":true,"meta":{"revision":0,"created":1516690522656,"version":0},"$loki":41},{"BANK":"DHANALAKSHMI BANK","IFSC":"DLXB0000044","BRANCH":"MURINGOOR","ADDRESS":"PAYYAPPILLY BUILDINGS MURINGOOR JUNCTION NH 47, MURINGOOR THRISSUR","CONTACT":"2702657","CITY":"CHALAKUDY","DISTRICT":"CHALAKUDY","STATE":"KERALA","RTGS":true,"meta":{"revision":0,"created":1516690522656,"version":0},"$loki":42},{"BANK":"DHANALAKSHMI BANK","IFSC":"DLXB0000045","BRANCH":"ARYANAD","ADDRESS":"ARYANAD, AP 585, ARYANAD THIRUVANANTHAPURAM KERALA STATE, 695542","CONTACT":"2852036","CITY":"ARYANAD","DISTRICT":"ARYANAD","STATE":"KERALA","RTGS":true,"meta":{"revision":0,"created":1516690522656,"version":0},"$loki":43},{"BANK":"DHANALAKSHMI BANK","IFSC":"DLXB0000046","BRANCH":"THOTTIPPAL","ADDRESS":"11/122 PUDUKKAD MAPRANAM ROAD THOTTIPAL, THRISSUR","CONTACT":"2791483","CITY":"THOTTIPPAL","DISTRICT":"THOTTIPPAL","STATE":"KERALA","RTGS":true,"meta":{"revision":0,"created":1516690522656,"version":0},"$loki":44},{"BANK":"DHANALAKSHMI BANK","IFSC":"DLXB0000047","BRANCH":"CHANGANACHERRY","ADDRESS":"P.B.NO:2 KAVALAM BLDG., S.B COLLEGE ROAD CHANGANACHERRY, KOTTAYAM","CONTACT":"6452343","CITY":"CHANGANASSERY","DISTRICT":"CHANGANASSERY","STATE":"KERALA","RTGS":true,"meta":{"revision":0,"created":1516690522656,"version":0},"$loki":45},{"BANK":"DHANALAKSHMI BANK","IFSC":"DLXB0000048","BRANCH":"VAIKOM","ADDRESS":"P.B.NO 1 VAIKOM KOTTAYAM KERALA","CONTACT":"9287276764","CITY":"VAIKOM","DISTRICT":"VAIKOM","STATE":"KERALA","RTGS":true,"meta":{"revision":0,"created":1516690522656,"version":0},"$loki":46},{"BANK":"DHANALAKSHMI BANK","IFSC":"DLXB0000049","BRANCH":"ATHANI","ADDRESS":"168, TRICHUR-SHORANUR ROAD, ATHANI, THRISSUR","CONTACT":"2200259","CITY":"MINALUR (ATHANI)","DISTRICT":"MINALUR (ATHANI)","STATE":"KERALA","RTGS":true,"meta":{"revision":0,"created":1516690522656,"version":0},"$loki":47},{"BANK":"DHANALAKSHMI BANK","IFSC":"DLXB0000050","BRANCH":"VALLANGI-NEMMARA","ADDRESS":"V/47-A,GROUND FLOOR I.G.TOWERS NEMMARA PALAKKAD","CONTACT":"9287276540","CITY":"ALATHUR","DISTRICT":"ALATHUR","STATE":"KERALA","RTGS":true,"meta":{"revision":0,"created":1516690522656,"version":0},"$loki":48},{"BANK":"DHANALAKSHMI BANK","IFSC":"DLXB0000051","BRANCH":"KOTTAYAM","ADDRESS":"WARD NO.17 P B 261 KANIANTHARA HEIGHTS BAKER JUNCTION KOTTAYAM","CONTACT":"6452349","CITY":"KOTTAYAM","DISTRICT":"KOTTAYAM","STATE":"KERALA","RTGS":true,"meta":{"revision":0,"created":1516690522656,"version":0},"$loki":49},{"BANK":"DHANALAKSHMI BANK","IFSC":"DLXB0000052","BRANCH":"KANICHIKULANGARA","ADDRESS":"13/7 DEWASOOM BUILDING, ALAPUZHA ROAD ALAPUZHA DIST. KANICHIKULANGARA, KERALA STATE, 984011","CONTACT":"6450254","CITY":"KANICHIKULANGARA","DISTRICT":"KANICHIKULANGARA","STATE":"KERALA","RTGS":true,"meta":{"revision":0,"created":1516690522656,"version":0},"$loki":50},{"BANK":"DHANALAKSHMI BANK","IFSC":"DLXB0000053","BRANCH":"PUTHUR","ADDRESS":"1ST FLOOR KAKANAT TOWERS PUTHUR THRISSUR","CONTACT":"6454115","CITY":"THRISSUR","DISTRICT":"THRISSUR","STATE":"KERALA","RTGS":true,"meta":{"revision":0,"created":1516690522656,"version":0},"$loki":51},{"BANK":"DHANALAKSHMI BANK","IFSC":"DLXB0000054","BRANCH":"CHENNAI-MOUNT ROAD","ADDRESS":"P.B.NO.359 163,OM SAKTHI TOWER ANNA SALAI CHENNAI","CONTACT":"49037004","CITY":"CHENNAI","DISTRICT":"CHENNAI","STATE":"KERALA","meta":{"revision":0,"created":1516690522656,"version":0},"$loki":52},{"BANK":"DHANALAKSHMI BANK","IFSC":"DLXB0000055","BRANCH":"EKM-HOSPITAL ROAD","ADDRESS":"P.B.NO:1150, XL/252 HOSPITAL ROAD, ERNAKULAM","CONTACT":"6453294","CITY":"KOCHI","DISTRICT":"KOCHI","STATE":"KERALA","RTGS":true,"meta":{"revision":0,"created":1516690522656,"version":0},"$loki":53},{"BANK":"DHANALAKSHMI BANK","IFSC":"DLXB0000056","BRANCH":"PALAKKAD-SULTANPET","ADDRESS":"LAKSHMI PLAZA COIMBATORE ROAD SULTANPET PALAKKAD","CONTACT":"6452286","CITY":"PALAKKAD","DISTRICT":"PALAKKAD","STATE":"KERALA","RTGS":true,"meta":{"revision":0,"created":1516690522656,"version":0},"$loki":54},{"BANK":"DHANALAKSHMI BANK","IFSC":"DLXB0000057","BRANCH":"TVM-FORT","ADDRESS":"P.B.NO 5067 KARIMPANAL ARCADE FORT THIRUVANANTHAPURAM","CONTACT":"6451079","CITY":"THIRUVANANTHAPURAM","DISTRICT":"THIRUVANANTHAPURAM","STATE":"KERALA","RTGS":true,"meta":{"revision":0,"created":1516690522656,"version":0},"$loki":55},{"BANK":"DHANALAKSHMI BANK","IFSC":"DLXB0000058","BRANCH":"THRIKKUNNAPUZHA","ADDRESS":"III-507, T.PUZHA-THOTTAPILLY, PALLIPATTUMURY ALAPUZHA THRIKUNNAPUZHA, KERALA, 690515","CONTACT":"9287276586","CITY":"THRIKKUNNAPUZHA","DISTRICT":"THRIKKUNNAPUZHA","STATE":"KERALA","RTGS":true,"meta":{"revision":0,"created":1516690522656,"version":0},"$loki":56},{"BANK":"DHANALAKSHMI BANK","IFSC":"DLXB0000059","BRANCH":"KOLLAM","ADDRESS":"GROUND FLOOR, GANGOTHRI TOWERS, NEAR IRON BRIDGE KOLLAM - 691 001","CONTACT":"6451344","CITY":"KOLLAM","DISTRICT":"KOLLAM","STATE":"KERALA","RTGS":true,"meta":{"revision":0,"created":1516690522656,"version":0},"$loki":57},{"BANK":"DHANALAKSHMI BANK","IFSC":"DLXB0000060","BRANCH":"GURUVAYOOR","ADDRESS":"P.B.NO.14, III 541 A III 541 B, EAST NADA, GURUVAYOOR, KERALA","CONTACT":"6453977","CITY":"GURUVAYUR","DISTRICT":"GURUVAYUR","STATE":"KERALA","RTGS":true,"meta":{"revision":0,"created":1516690522656,"version":0},"$loki":58},{"BANK":"DHANALAKSHMI BANK","IFSC":"DLXB0000061","BRANCH":"PERINKULAM","ADDRESS":"PERINKULAM, BANK ROAD ALLATHUR, PALAKKAD DIST. KERALA STATE, 678541","CONTACT":"9287276571","CITY":"ALATHUR","DISTRICT":"ALATHUR","STATE":"KERALA","RTGS":true,"meta":{"revision":0,"created":1516690522656,"version":0},"$loki":59},{"BANK":"DHANALAKSHMI BANK","IFSC":"DLXB0000062","BRANCH":"COIMBATORE","ADDRESS":"P.B.NO.2951 268, CROSS CUT ROAD GANDHIPURAM COIMBATORE","CONTACT":"6450975","CITY":"COIMBATORE","DISTRICT":"COIMBATORE","STATE":"KERALA","meta":{"revision":0,"created":1516690522656,"version":0},"$loki":60},{"BANK":"DHANALAKSHMI BANK","IFSC":"DLXB0000063","BRANCH":"POLLACHI","ADDRESS":"P.B.NO. 21 NO.84,COIMBATORE ROAD POLLACHI T.N","CONTACT":"4942984","CITY":"POLLACHI","DISTRICT":"POLLACHI","STATE":"KERALA","meta":{"revision":0,"created":1516690522656,"version":0},"$loki":61},{"BANK":"DHANALAKSHMI BANK","IFSC":"DLXB0000064","BRANCH":"VARANDARAPPILLY","ADDRESS":"IV/788 KOVENDA CHURCH BUILDING,VARANDARAPPILLY THRISSUR DIST","CONTACT":"2760166","CITY":"VARANDRAPALLY","DISTRICT":"VARANDRAPALLY","STATE":"KERALA","RTGS":true,"meta":{"revision":0,"created":1516690522656,"version":0},"$loki":62},{"BANK":"DHANALAKSHMI BANK","IFSC":"DLXB0000065","BRANCH":"THRIKKARIYOOR","ADDRESS":"THERATHENAL BUILDING, TRIKKARIYOOR ERNAKULAM DISTRICT","CONTACT":"2822563","CITY":"KOTHAMANGALAM","DISTRICT":"KOTHAMANGALAM","STATE":"KERALA","RTGS":true,"meta":{"revision":0,"created":1516690522656,"version":0},"$loki":63},{"BANK":"DHANALAKSHMI BANK","IFSC":"DLXB0000066","BRANCH":"KANNUR","ADDRESS":"P.B.NO:60,DOOR NO:2471, WARD CC/XXIX,1ST FLOOR, SHAAN BLDG., J S PAUL JN. M A RAOD, KANNUR","CONTACT":"6450424","CITY":"CANNUR","DISTRICT":"CANNUR","STATE":"KERALA","RTGS":true,"meta":{"revision":0,"created":1516690522656,"version":0},"$loki":64},{"BANK":"DHANALAKSHMI BANK","IFSC":"DLXB0000067","BRANCH":"MUNNAR","ADDRESS":"MP/IX/2728 -F CHALAKKAL KRISHNAN SON ALUVA-MUNNAR ROAD, MUNNAR, KERALA","CONTACT":"9287276537","CITY":"MUNNAR","DISTRICT":"MUNNAR","STATE":"KERALA","RTGS":true,"meta":{"revision":0,"created":1516690522656,"version":0},"$loki":65},{"BANK":"DHANALAKSHMI BANK","IFSC":"DLXB0000068","BRANCH":"CHENNAI-MANDAVELI","ADDRESS":"NO:34, CSM PLAZA,V.K.ROAD MANDVELI, CHENNAI CHENNAI, T.N","CONTACT":"64530731","CITY":"CHENNAI","DISTRICT":"CHENNAI","STATE":"KERALA","meta":{"revision":0,"created":1516690522656,"version":0},"$loki":66},{"BANK":"DHANALAKSHMI BANK","IFSC":"DLXB0000069","BRANCH":"BGR-DICKNSON ROAD","ADDRESS":"P.B.NO.4214 NO.9,DICKENSON ROAD, BANGALORE","CONTACT":"64548689","CITY":"BANGALORE","DISTRICT":"BANGALORE","STATE":"KERALA","RTGS":true,"meta":{"revision":0,"created":1516690522656,"version":0},"$loki":67},{"BANK":"DHANALAKSHMI BANK","IFSC":"DLXB0000070","BRANCH":"MANGALORE","ADDRESS":"DHINDA CHAMBERS,GROUND FLOOR,NO.5-5-301/3 M G ROAD,OPP:S D M LAW COLLAGE,MANGALORE","CONTACT":"2497730","CITY":"MANGALORE","DISTRICT":"MANGALORE","STATE":"KERALA","RTGS":true,"meta":{"revision":0,"created":1516690522656,"version":0},"$loki":68},{"BANK":"DHANALAKSHMI BANK","IFSC":"DLXB0000071","BRANCH":"KUMARANELLUR","ADDRESS":"VIII/1023 TRICHUR-SHORNUR ROAD KUMARANELLUR-OTTUPPARA WADAKKANCHERY, TCR DIST","CONTACT":"9287276523","CITY":"KUMARANELLUR","DISTRICT":"KUMARANELLUR","STATE":"KERALA","RTGS":true,"meta":{"revision":0,"created":1516690522656,"version":0},"$loki":69},{"BANK":"DHANALAKSHMI BANK","IFSC":"DLXB0000072","BRANCH":"DESOM","ADDRESS":"III/202 NATIONAL HIGH WAY 47 DESOM ALUVA, EKM DIST","CONTACT":"6453410","CITY":"DESOM","DISTRICT":"DESOM","STATE":"KERALA","RTGS":true,"meta":{"revision":0,"created":1516690522656,"version":0},"$loki":70},{"BANK":"DHANALAKSHMI BANK","IFSC":"DLXB0000073","BRANCH":"ANGAMALY","ADDRESS":"P.B.NO.8 GROUND FLOOR K V VARKEY MEMORIAL COMPLEX, ANGAMALY","CONTACT":"6453378","CITY":"ANGAMALY","DISTRICT":"ANGAMALY","STATE":"KERALA","RTGS":true,"meta":{"revision":0,"created":1516690522656,"version":0},"$loki":71},{"BANK":"DHANALAKSHMI BANK","IFSC":"DLXB0000074","BRANCH":"PUDUSSERRY","ADDRESS":"5/657 MAIN ROAD PUDUSSERY KANJIKODE PALAKKAD DIST","CONTACT":"2566385","CITY":"KANJIKODE","DISTRICT":"KANJIKODE","STATE":"KERALA","RTGS":true,"meta":{"revision":0,"created":1516690522657,"version":0},"$loki":72},{"BANK":"DHANALAKSHMI BANK","IFSC":"DLXB0000075","BRANCH":"KODUNTHIRAPILLY","ADDRESS":"PRIYADARSHINI NAGAR, KODUNTHIRAPPULLY PALAKKAD PALAKKAD, KERALA, 678004","CONTACT":"2508153","CITY":"KODUNTHRIRAPALLY","DISTRICT":"KODUNTHRIRAPALLY","STATE":"KERALA","RTGS":true,"meta":{"revision":0,"created":1516690522657,"version":0},"$loki":73},{"BANK":"DHANALAKSHMI BANK","IFSC":"DLXB0000076","BRANCH":"ARATTUPUZHA","ADDRESS":"SREE MURALI COMPLEX PALLESSERY P.O. ARATTUPUZHA TCR DIST","CONTACT":"2790228","CITY":"ARATTUPUZHA","DISTRICT":"ARATTUPUZHA","STATE":"KERALA","RTGS":true,"meta":{"revision":0,"created":1516690522657,"version":0},"$loki":74},{"BANK":"DHANALAKSHMI BANK","IFSC":"DLXB0000077","BRANCH":"ANAD","ADDRESS":"3/53 V V BUILDINGS, PAZHAKUTTY P.O.NEDUMANGAD THIRUVANANTHAPURAM.","CONTACT":"2812248","CITY":"NEDUMANGAD","DISTRICT":"NEDUMANGAD","STATE":"KERALA","RTGS":true,"meta":{"revision":0,"created":1516690522657,"version":0},"$loki":75},{"BANK":"DHANALAKSHMI BANK","IFSC":"DLXB0000078","BRANCH":"CHADAYAMANGALAM","ADDRESS":"DEVARAGAM BUILDING NEAR KSRTC BUS STAND CHADAYAMANGALM- 691534 KOLLAM","CONTACT":"2475255","CITY":"AYOOR","DISTRICT":"AYOOR","STATE":"KERALA","RTGS":true,"meta":{"revision":0,"created":1516690522657,"version":0},"$loki":76},{"BANK":"DHANALAKSHMI BANK","IFSC":"DLXB0000079","BRANCH":"KOPPAM","ADDRESS":"KOPPAM, PULASSERY, KOPPAM VILLAGE PALAKKAD DIST , KERALA, 679307","CONTACT":"9287276511","CITY":"KOPPAM","DISTRICT":"KOPPAM","STATE":"KERALA","RTGS":true,"meta":{"revision":0,"created":1516690522657,"version":0},"$loki":77},{"BANK":"DHANALAKSHMI BANK","IFSC":"DLXB0000080","BRANCH":"TRIPUNITHURA","ADDRESS":"P.B.NO.9 EAST FORT GATE TRIPUNITHURA EKM DIST","CONTACT":"6453550","CITY":"KOCHI","DISTRICT":"KOCHI","STATE":"KERALA","RTGS":true,"meta":{"revision":0,"created":1516690522657,"version":0},"$loki":78},{"BANK":"DHANALAKSHMI BANK","IFSC":"DLXB0000081","BRANCH":"PALAKKAL","ADDRESS":"MONON S COMPLEX AMMADAM/KODANNUR ROAD PALAKKAL THRISSUR","CONTACT":"9287276551","CITY":"CHERPU","DISTRICT":"CHERPU","STATE":"KERALA","RTGS":true,"meta":{"revision":0,"created":1516690522657,"version":0},"$loki":79},{"BANK":"DHANALAKSHMI BANK","IFSC":"DLXB0000082","BRANCH":"KURICHIKARA","ADDRESS":"CHEERIAN SHOPPING COMPLEX, PONGANAMKED KURICHIKKARA, KERALA STATE, 680028","CONTACT":"2695625","CITY":"KURICHIKARA","DISTRICT":"KURICHIKARA","STATE":"KERALA","RTGS":true,"meta":{"revision":0,"created":1516690522657,"version":0},"$loki":80},{"BANK":"DHANALAKSHMI BANK","IFSC":"DLXB0000083","BRANCH":"CHITTUR","ADDRESS":"9/IV CHITTUR-COIMBATORE ROAD CHITTUR PALAKKAD DIST","CONTACT":"9287276485","CITY":"CHITTUR","DISTRICT":"CHITTUR","STATE":"KERALA","RTGS":true,"meta":{"revision":0,"created":1516690522657,"version":0},"$loki":81},{"BANK":"DHANALAKSHMI BANK","IFSC":"DLXB0000084","BRANCH":"NAGERCOIL","ADDRESS":"DOOR NO: 86, 1ST FLOOR, EAST TOWER, VSK BUILDING, NAGERCOIL,KANYA KUMARI DT","CONTACT":"9244943010","CITY":"NAGERCOIL","DISTRICT":"NAGERCOIL","STATE":"KERALA","meta":{"revision":0,"created":1516690522657,"version":0},"$loki":82},{"BANK":"DHANALAKSHMI BANK","IFSC":"DLXB0000085","BRANCH":"KALLAMBALAM","ADDRESS":"THULASI COMPLEX, KALLAMBALAM THIRUVANANTHAPURAM DIST","CONTACT":"9287276615","CITY":"KALLAMBALAM","DISTRICT":"KALLAMBALAM","STATE":"KERALA","RTGS":true,"meta":{"revision":0,"created":1516690522657,"version":0},"$loki":83},{"BANK":"DHANALAKSHMI BANK","IFSC":"DLXB0000086","BRANCH":"THAIKKATTUSSERY","ADDRESS":"EDAKUNNI TEMPLE ROAD, OLLUR TRICHUR DIST THAIKKATTUSSERY, KERALA STATE, 680303","CONTACT":"6454130","CITY":"THAIKKATTUSSERY","DISTRICT":"THAIKKATTUSSERY","STATE":"KERALA","RTGS":true,"meta":{"revision":0,"created":1516690522657,"version":0},"$loki":84},{"BANK":"DHANALAKSHMI BANK","IFSC":"DLXB0000087","BRANCH":"KOTTEKKAD","ADDRESS":"10/508, KUNNATH BUILDING, KOTTEKKAD KUTTUR P.O THRISSUR, KERALA, 680001","CONTACT":"2212352","CITY":"KOTTEKKAD","DISTRICT":"KOTTEKKAD","STATE":"KERALA","RTGS":true,"meta":{"revision":0,"created":1516690522657,"version":0},"$loki":85},{"BANK":"DHANALAKSHMI BANK","IFSC":"DLXB0000088","BRANCH":"HYDERABAD","ADDRESS":"P.B.NO.246 1ST FLOOR, KUNDA S ESTATE ABIDS, HYDERABAD, A.P","CONTACT":"4544549","CITY":"HYDERABAD","DISTRICT":"HYDERABAD","STATE":"ANDHRA PRADESH","RTGS":true,"meta":{"revision":0,"created":1516690522657,"version":0},"$loki":86},{"BANK":"DHANALAKSHMI BANK","IFSC":"DLXB0000089","BRANCH":"K.V.KUPPAM","ADDRESS":"VASANTH MAHAL, NO:4/106 KATAPADI-GUDIYATAM MAIN ROAD, K V KUPPAM, VELLORE DISTRICT, TN","CONTACT":"1246227","CITY":"K.V.KUPPAM","DISTRICT":"VELLORE","STATE":"TAMIL NADU","meta":{"revision":0,"created":1516690522657,"version":0},"$loki":87},{"BANK":"DHANALAKSHMI BANK","IFSC":"DLXB0000090","BRANCH":"LATHERI","ADDRESS":"1/327 MAIN ROAD LATHERI NORTH ARCOT, T.N","CONTACT":"6450921","CITY":"LATHERI","DISTRICT":"VELLORE","STATE":"TAMIL NADU","meta":{"revision":0,"created":1516690522657,"version":0},"$loki":88},{"BANK":"DHANALAKSHMI BANK","IFSC":"DLXB0000091","BRANCH":"VELLORE","ADDRESS":"NO 20, 1ST FLOOR GANDHI ROAD P.B.NO.406 VELLORE, T.N","CONTACT":"6450507","CITY":"VELLORE","DISTRICT":"VELLORE","STATE":"TAMIL NADU","meta":{"revision":0,"created":1516690522657,"version":0},"$loki":89},{"BANK":"DHANALAKSHMI BANK","IFSC":"DLXB0000092","BRANCH":"SREENIVASAPURAM","ADDRESS":"C-VI/300 COLLEGE-NADAYANA ROAD SREENIVASAPURAM VARKALA TVM DT","CONTACT":"9287276580","CITY":"VARKALA","DISTRICT":"VARKALA","STATE":"KERALA","RTGS":true,"meta":{"revision":0,"created":1516690522657,"version":0},"$loki":90},{"BANK":"DHANALAKSHMI BANK","IFSC":"DLXB0000094","BRANCH":"TUMKUR","ADDRESS":"2 KUVEMPU NAGAR P.O.BLDG B.H.ROAD BATAWADI TUMKUR, KARNATAKA STATE","CONTACT":"6450183","CITY":"TUMKUR","DISTRICT":"TUMKUR","STATE":"KARNATAKA","RTGS":true,"meta":{"revision":0,"created":1516690522657,"version":0},"$loki":91},{"BANK":"DHANALAKSHMI BANK","IFSC":"DLXB0000095","BRANCH":"ALAPPUZHA","ADDRESS":"26/1006 PALACE ROAD ALAPPUZHA KERALA","CONTACT":"6451255","CITY":"ALAPPUZHA","DISTRICT":"ALAPPUZHA","STATE":"KERALA","RTGS":true,"meta":{"revision":0,"created":1516690522657,"version":0},"$loki":92},{"BANK":"DHANALAKSHMI BANK","IFSC":"DLXB0000096","BRANCH":"VAZHAIPANDAL","ADDRESS":"SRI L N PERUMAL KOIL STREET, VAZHAIPANDAL NORTH ARCOT DIST ,VELLORE , TAMIL NADU, 600001","CONTACT":"2244808","CITY":"VAZHAIPANDAL","DISTRICT":"VAZHAIPANDAL","STATE":"TAMIL NADU","meta":{"revision":0,"created":1516690522657,"version":0},"$loki":93},{"BANK":"DHANALAKSHMI BANK","IFSC":"DLXB0000097","BRANCH":"CHENNAI-G.T","ADDRESS":"OLD NO;128,NEW NO.269 THAMBU CHETTY STRE GEORGE TOWN, CHENNAI","CONTACT":"64547916","CITY":"CHENNAI","DISTRICT":"CHENNAI","STATE":"TAMIL NADU","meta":{"revision":0,"created":1516690522657,"version":0},"$loki":94},{"BANK":"DHANALAKSHMI BANK","IFSC":"DLXB0000098","BRANCH":"EDAVILANGU","ADDRESS":"PANCHAYAT OFFICE BUILDING EDAVILANGU ROAD EDAVILANGU,KODUNGALLOOR THRISSUR DIST","CONTACT":"9287276491","CITY":"EDAVILANGU","DISTRICT":"EDAVILANGU","STATE":"KERALA","RTGS":true,"meta":{"revision":0,"created":1516690522657,"version":0},"$loki":95},{"BANK":"DHANALAKSHMI BANK","IFSC":"DLXB0000099","BRANCH":"AYARKUNNAM","ADDRESS":"FIRST FLOOR, CHIRAPURATHU BUILDINGS MAIN ROAD AYARKUNNAM AYARKUNNAM, KERALA STATE, 686564","CONTACT":"2542386","CITY":"AYARKUNNAM","DISTRICT":"AYARKUNNAM","STATE":"KERALA","RTGS":true,"meta":{"revision":0,"created":1516690522657,"version":0},"$loki":96},{"BANK":"DHANALAKSHMI BANK","IFSC":"DLXB0000100","BRANCH":"CHIRAKADAVU","ADDRESS":"III- 53 K.K.ROAD KOLLATHUKULAM BLDG., CHIRAKADAVU,PONKUNNAM KOTTAYAM DIST","CONTACT":"8221403","CITY":"PONKUNNAM","DISTRICT":"PONKUNNAM","STATE":"KERALA","RTGS":true,"meta":{"revision":0,"created":1516690522657,"version":0},"$loki":97},{"BANK":"DHANALAKSHMI BANK","IFSC":"DLXB0000101","BRANCH":"PERUVAMBA","ADDRESS":"6/168 SHERIFF MENZIL, CHUNGAM PALAKKAD ROAD PERUVAMBA PALAKKAD DIST, KERALA, 678531","CONTACT":"3252353","CITY":"PERUVEMBA","DISTRICT":"PERUVEMBA","STATE":"KERALA","RTGS":true,"meta":{"revision":0,"created":1516690522657,"version":0},"$loki":98},{"BANK":"DHANALAKSHMI BANK","IFSC":"DLXB0000102","BRANCH":"VATTAPARA","ADDRESS":"VATTAPPARA 678506, TRIVANDRUM DIST VATTAPPARA, KERALA STATE, 678506","CONTACT":"9287276626","CITY":"VATTAPARA","DISTRICT":"VATTAPARA","STATE":"KERALA","RTGS":true,"meta":{"revision":0,"created":1516690522657,"version":0},"$loki":99},{"BANK":"DHANALAKSHMI BANK","IFSC":"DLXB0000103","BRANCH":"VIJAYAWADA","ADDRESS":"27-6-177 PRAKASHAM ROAD,IST FLOOR 434 GOVERNERPET VIJAYAWADA, A.P","CONTACT":"6455460","CITY":"VIJAYAWADA","DISTRICT":"VIJAYAWADA","STATE":"ANDHRA PRADESH","RTGS":true,"meta":{"revision":0,"created":1516690522657,"version":0},"$loki":100},{"BANK":"DHANALAKSHMI BANK","IFSC":"DLXB0000104","BRANCH":"CHITTUMALA","ADDRESS":"1V/406 KOLLAM-KALLADA ROAD MULAVANA P O KOLLAM DIST","CONTACT":"9287276489","CITY":"CHITTUMALA","DISTRICT":"CHITTUMALA","STATE":"KERALA","RTGS":true,"meta":{"revision":0,"created":1516690522657,"version":0},"$loki":101},{"BANK":"DHANALAKSHMI BANK","IFSC":"DLXB0000105","BRANCH":"THIRUCHIRAPPALLI","ADDRESS":"P.B.NO 451, 12 MADURAI ROAD, THIRUCHIRAPPALLAI.","CONTACT":"6450991","CITY":"TIRUCHIRAPPALLI","DISTRICT":"TIRUCHIRAPPALLI","STATE":"TAMIL NADU","meta":{"revision":0,"created":1516690522657,"version":0},"$loki":102},{"BANK":"DHANALAKSHMI BANK","IFSC":"DLXB0000106","BRANCH":"MADURAI","ADDRESS":"216-A. NETAJI ROAD MADURAI TAMIL NADU","CONTACT":"6548223","CITY":"MADURAI","DISTRICT":"MADURAI","STATE":"TAMIL NADU","meta":{"revision":0,"created":1516690522657,"version":0},"$loki":103},{"BANK":"DHANALAKSHMI BANK","IFSC":"DLXB0000107","BRANCH":"SALEM","ADDRESS":"# 77, 1ST FLOOR, ORIENTAL SHOPPING COMPLEX A A STREET, SALEM - 1. T.N","CONTACT":"6540546","CITY":"SALEM","DISTRICT":"SALEM","STATE":"TAMIL NADU","meta":{"revision":0,"created":1516690522657,"version":0},"$loki":104},{"BANK":"DHANALAKSHMI BANK","IFSC":"DLXB0000108","BRANCH":"MELARKODE","ADDRESS":"CHITTILANCHERRY P O, MELARCODE PALAKKAD DIST. MELARCODE, KERALA STATE, 678704","CONTACT":"9287276536","CITY":"MELARCODE","DISTRICT":"MELARCODE","STATE":"KERALA","RTGS":true,"meta":{"revision":0,"created":1516690522657,"version":0},"$loki":105},{"BANK":"DHANALAKSHMI BANK","IFSC":"DLXB0000110","BRANCH":"PERUNNA","ADDRESS":"XIX/514 M.C.ROAD PERUNNA KOTTAYAM DIST","CONTACT":"6452346","CITY":"CHANGANASSERY","DISTRICT":"CHANGANASSERY","STATE":"KERALA","RTGS":true,"meta":{"revision":0,"created":1516690522657,"version":0},"$loki":106},{"BANK":"DHANALAKSHMI BANK","IFSC":"DLXB0000111","BRANCH":"THAZHAKKARA","ADDRESS":"421 MAVELIKARA-PANDALAM ROAD KUNNAM P O, ALAPUZHA","CONTACT":"6452299","CITY":"THAZHAKKARA","DISTRICT":"THAZHAKKARA","STATE":"KERALA","RTGS":true,"meta":{"revision":0,"created":1516690522657,"version":0},"$loki":107},{"BANK":"DHANALAKSHMI BANK","IFSC":"DLXB0000112","BRANCH":"ERODE","ADDRESS":"D.NO.523, NETHAJI ROAD, ERODE, PERIYAR DIST T.N","CONTACT":"4943013","CITY":"ERODE","DISTRICT":"ERODE","STATE":"KERALA","meta":{"revision":0,"created":1516690522657,"version":0},"$loki":108},{"BANK":"DHANALAKSHMI BANK","IFSC":"DLXB0000113","BRANCH":"THIRUVALLA","ADDRESS":"17/567 M.C.ROAD THIRUVALLA KERALA","CONTACT":"6450209","CITY":"THIRUVALLA","DISTRICT":"THIRUVALLA","STATE":"KERALA","RTGS":true,"meta":{"revision":0,"created":1516690522657,"version":0},"$loki":109},{"BANK":"DHANALAKSHMI BANK","IFSC":"DLXB0000114","BRANCH":"OTTAPPALAM","ADDRESS":"V/421 , MAIN ROAD P.B. NO 18 OTTAPALAM PALAKKAD DIST","CONTACT":"9287276544","CITY":"OTTAPALAM","DISTRICT":"OTTAPALAM","STATE":"KERALA","RTGS":true,"meta":{"revision":0,"created":1516690522657,"version":0},"$loki":110},{"BANK":"DHANALAKSHMI BANK","IFSC":"DLXB0000115","BRANCH":"ADIRAMAPATTANAM","ADDRESS":"27 B AND C, POST OFFICE ROAD ADIRAMPATTINAM TANJORE DIST, TAMIL NADU, 614701","CONTACT":"4942985","CITY":"ADIRAMAPATTINAM","DISTRICT":"ADIRAMAPATTINAM","STATE":"TAMIL NADU","meta":{"revision":0,"created":1516690522657,"version":0},"$loki":111},{"BANK":"DHANALAKSHMI BANK","IFSC":"DLXB0000116","BRANCH":"J C ROAD,BGL","ADDRESS":"J C ROAD BRANCH, GROUND FLOOR, NO.92, SHIVAJI TOWERS, J C ROAD,BANGALORE","CONTACT":"3606707","CITY":"BANGALORE","DISTRICT":"BANGALORE","STATE":"KARNATAKA","RTGS":true,"meta":{"revision":0,"created":1516690522657,"version":0},"$loki":112},{"BANK":"DHANALAKSHMI BANK","IFSC":"DLXB0000117","BRANCH":"PAMBA","ADDRESS":"TRIVENI,PATHANAMTHITTA DT 689714","CONTACT":"5203465","CITY":"PATHANAMTHITTA","DISTRICT":"PATHANAMTHITTA","STATE":"KERALA","RTGS":true,"meta":{"revision":0,"created":1516690522657,"version":0},"$loki":113},{"BANK":"DHANALAKSHMI BANK","IFSC":"DLXB0000118","BRANCH":"TVM - MANACAUD","ADDRESS":"T.C. 41/2343(4) MALSON TOWER MANACAUD TVM DIST","CONTACT":"6451034","CITY":"THIRUVANANTHAPURAM","DISTRICT":"THIRUVANANTHAPURAM","STATE":"KERALA","RTGS":true,"meta":{"revision":0,"created":1516690522657,"version":0},"$loki":114},{"BANK":"DHANALAKSHMI BANK","IFSC":"DLXB0000119","BRANCH":"THOTTAMON","ADDRESS":"NSS UNION BUILDING, PERUNKULUM RANNI ROAD THOTTAMON PATHANAMTHITTA DIST., KERALA, 689672","CONTACT":"5227497","CITY":"RANNI","DISTRICT":"RANNI","STATE":"KERALA","RTGS":true,"meta":{"revision":0,"created":1516690522657,"version":0},"$loki":115},{"BANK":"DHANALAKSHMI BANK","IFSC":"DLXB0000120","BRANCH":"KAPPIL","ADDRESS":"PARAVOOR VARKALA ROAD, KRISHAN KOVIL ROAD KAPPIL TRIVANDRUM DIST. KAPPIL, KERALA, 695311","CONTACT":"2661743","CITY":"VARKALA","DISTRICT":"VARKALA","STATE":"KERALA","RTGS":true,"meta":{"revision":0,"created":1516690522657,"version":0},"$loki":116},{"BANK":"DHANALAKSHMI BANK","IFSC":"DLXB0000121","BRANCH":"PATHANAMTHITTA","ADDRESS":"PB NO.54,CHANGAYIL BLDG COLLEGE ROAD PATHANAMTHITTA","CONTACT":"2222702","CITY":"PATHANAMTHITTA","DISTRICT":"PATHANAMTHITTA","STATE":"KERALA","RTGS":true,"meta":{"revision":0,"created":1516690522657,"version":0},"$loki":117},{"BANK":"DHANALAKSHMI BANK","IFSC":"DLXB0000122","BRANCH":"CHENGANNUR","ADDRESS":"XIV/242.M.C.ROAD CHENGANNUR ALAPPUZHA","CONTACT":"6452292","CITY":"CHENGANNUR","DISTRICT":"CHENGANNUR","STATE":"KERALA","RTGS":true,"meta":{"revision":0,"created":1516690522657,"version":0},"$loki":118},{"BANK":"DHANALAKSHMI BANK","IFSC":"DLXB0000123","BRANCH":"TIRUPUR","ADDRESS":"NO.318,SRI MUTHU PLAZA AVINASHI ROAD, TIRUPUR","CONTACT":"6450584","CITY":"TIRUPUR","DISTRICT":"TIRUPUR","STATE":"TAMIL NADU","meta":{"revision":0,"created":1516690522657,"version":0},"$loki":119},{"BANK":"DHANALAKSHMI BANK","IFSC":"DLXB0000124","BRANCH":"MUMBAI-MATUNGA","ADDRESS":"2/323-B,SUDHIR SADAN, CHANDAVARKAR ROAD , MATUNGA MUMBAI.","CONTACT":"64531095","CITY":"MUMBAI","DISTRICT":"MUMBAI","STATE":"MAHARASHTRA","meta":{"revision":0,"created":1516690522657,"version":0},"$loki":120},{"BANK":"DHANALAKSHMI BANK","IFSC":"DLXB0000125","BRANCH":"VEERAPANCHATRAM","ADDRESS":"10/210, SATHY ROAD, VEERAPANCHATRAM, ERODE, TAMIL NADU","CONTACT":"4943016","CITY":"ERODE","DISTRICT":"ERODE","STATE":"TAMIL NADU","meta":{"revision":0,"created":1516690522657,"version":0},"$loki":121},{"BANK":"DHANALAKSHMI BANK","IFSC":"DLXB0000126","BRANCH":"TVM-SASTHAMANGALAM","ADDRESS":"BALAKRISHNA BUILDING TC NO.IX/767 (1) SASTHAMANGALAM THIRUVANANTHAPURAM","CONTACT":"6451269","CITY":"THIRUVANANTHAPURAM","DISTRICT":"THIRUVANANTHAPURAM","STATE":"KERALA","RTGS":true,"meta":{"revision":0,"created":1516690522657,"version":0},"$loki":122},{"BANK":"DHANALAKSHMI BANK","IFSC":"DLXB0000127","BRANCH":"PEELAMEDU","ADDRESS":"286, STANDARD TOWERS AVANASHI ROAD, PEELAMEDU COIMBATORE","CONTACT":"6451927","CITY":"COIMBATORE","DISTRICT":"COIMBATORE","STATE":"TAMIL NADU","meta":{"revision":0,"created":1516690522657,"version":0},"$loki":123},{"BANK":"DHANALAKSHMI BANK","IFSC":"DLXB0000128","BRANCH":"THALASSERY","ADDRESS":"1ST FLOOR,HOPES SHOPPING COMPLEX,7/154 LOGANS ROAD THALASSERY KANNUR","CONTACT":"6450410","CITY":"THALASSERY","DISTRICT":"THALASSERY","STATE":"KERALA","RTGS":true,"meta":{"revision":0,"created":1516690522657,"version":0},"$loki":124},{"BANK":"DHANALAKSHMI BANK","IFSC":"DLXB0000129","BRANCH":"UDUMALPET","ADDRESS":"NO.23,SREE KRISHNA TOWERS BYE PASS ROAD,UDUMALPET COIMBATORE DT.","CONTACT":"4942990","CITY":"UDUMALPET","DISTRICT":"UDUMALPET","STATE":"TAMIL NADU","meta":{"revision":0,"created":1516690522657,"version":0},"$loki":125},{"BANK":"DHANALAKSHMI BANK","IFSC":"DLXB0000130","BRANCH":"PERINTHALMANNA","ADDRESS":"DOOR NO.PM/5/148/13 FIRST FLOOR,CITY CENTRE, PATTAMBI ROAD, PEINTHALMANNA","CONTACT":"9287276566","CITY":"PERINTALMANNA","DISTRICT":"PERINTALMANNA","STATE":"KERALA","RTGS":true,"meta":{"revision":0,"created":1516690522657,"version":0},"$loki":126},{"BANK":"DHANALAKSHMI BANK","IFSC":"DLXB0000131","BRANCH":"THODUPUZHA","ADDRESS":"DOOR NO.162/9 JYOTHI SUPER BAZAR P.B.NO. 36, THODUPUZHA","CONTACT":"9287276628","CITY":"THODUPUZHA","DISTRICT":"THODUPUZHA","STATE":"KERALA","RTGS":true,"meta":{"revision":0,"created":1516690522657,"version":0},"$loki":127},{"BANK":"DHANALAKSHMI BANK","IFSC":"DLXB0000132","BRANCH":"TIRUR","ADDRESS":"1ST FLOOR K M S TOWER THAZHEPALAM TIRUR","CONTACT":"6450592","CITY":"TIRUR","DISTRICT":"TIRUR","STATE":"KERALA","RTGS":true,"meta":{"revision":0,"created":1516690522657,"version":0},"$loki":128},{"BANK":"DHANALAKSHMI BANK","IFSC":"DLXB0000133","BRANCH":"CHEVARAMBALAM","ADDRESS":"28/648-R,WARD 28, KOYENCO SHOPPING COMPLEX, MAVOOR CALICUT ROAD, CHEVAYOOR, KOZHIKODE","CONTACT":"6453460","CITY":"CALICUT","DISTRICT":"CALICUT","STATE":"KERALA","RTGS":true,"meta":{"revision":0,"created":1516690522657,"version":0},"$loki":129},{"BANK":"DHANALAKSHMI BANK","IFSC":"DLXB0000134","BRANCH":"PONNANI","ADDRESS":"7/859 A,1ST FLOOR AMBADY BULDGS, CHAMMARAVATTOM JN, PONNANI","CONTACT":"6450495","CITY":"PONNANI","DISTRICT":"PONNANI","STATE":"KERALA","RTGS":true,"meta":{"revision":0,"created":1516690522657,"version":0},"$loki":130},{"BANK":"DHANALAKSHMI BANK","IFSC":"DLXB0000135","BRANCH":"MUVATTUPUZHA","ADDRESS":"XI/2734(3),VETTUKATTIL HOSPITAL COMPLEX BLDG M C ROAD, (TB JUNCTION) MUVATTUPUZHA","CONTACT":"6450327","CITY":"MUVATTUPUZHA","DISTRICT":"MUVATTUPUZHA","STATE":"KERALA","RTGS":true,"meta":{"revision":0,"created":1516690522657,"version":0},"$loki":131},{"BANK":"DHANALAKSHMI BANK","IFSC":"DLXB0000136","BRANCH":"VALANCHERY","ADDRESS":"214A PBNO28 OPP.BUS STAND CALICUT ROAD VALANCHERY MALAPPURAM","CONTACT":"6450687","CITY":"VALANCHERRY","DISTRICT":"VALANCHERRY","STATE":"KERALA","RTGS":true,"meta":{"revision":0,"created":1516690522657,"version":0},"$loki":132},{"BANK":"DHANALAKSHMI BANK","IFSC":"DLXB0000137","BRANCH":"CHENNAI-T.NAGAR","ADDRESS":"47, SOUTH USMAN ROAD T.NAGAR CHENNAI","CONTACT":"64361208","CITY":"CHENNAI","DISTRICT":"CHENNAI","STATE":"TAMIL NADU","meta":{"revision":0,"created":1516690522657,"version":0},"$loki":133},{"BANK":"DHANALAKSHMI BANK","IFSC":"DLXB0000138","BRANCH":"KARUR","ADDRESS":"021044, GROUND FLOOR, KOVAI ROAD, KARUR. TAMIL NADU","CONTACT":"4653561","CITY":"KARUR","DISTRICT":"KARUR","STATE":"TAMIL NADU","meta":{"revision":0,"created":1516690522657,"version":0},"$loki":134},{"BANK":"DHANALAKSHMI BANK","IFSC":"DLXB0000139","BRANCH":"PEENYA","ADDRESS":"PEENYA INDUSTRIAL ASSN BHAVAN,PEENYA TRADE CENTR 1ST CROSS,1ST STAGE PEENYA, BANGALORE","CONTACT":"64548691","CITY":"PEENYA","DISTRICT":"PEENYA","STATE":"KARNATAKA","RTGS":true,"meta":{"revision":0,"created":1516690522657,"version":0},"$loki":135},{"BANK":"DHANALAKSHMI BANK","IFSC":"DLXB0000140","BRANCH":"MUMBAI-CHEMBUR","ADDRESS":"DOOR NO:1,2,3GROUND FLOOR, URMILA COMPLEX,32 STATION AVENUE ROAD, CHEMBUR, MUMBAI 400071","CONTACT":"25285760","CITY":"MUMBAI","DISTRICT":"MUMBAI","STATE":"MAHARASHTRA","meta":{"revision":0,"created":1516690522657,"version":0},"$loki":136},{"BANK":"DHANALAKSHMI BANK","IFSC":"DLXB0000141","BRANCH":"SERVICE BRANCH, CHENNAI","ADDRESS":"THE DHANALAKSHMI BANK LTD., SERVICE BRANCH, CHENNAI, NO:163, OM SAKTHI TOWERS, ANNA SALAI, CHENNAI - 600002","CONTACT":"49037026","CITY":"CHENNAI","DISTRICT":"CHENNAI","STATE":"TAMIL NADU","meta":{"revision":0,"created":1516690522657,"version":0},"$loki":137},{"BANK":"DHANALAKSHMI BANK","IFSC":"DLXB0000142","BRANCH":"SURAT","ADDRESS":"3RD FLOOR,THE SURAT VANKAR SAHAKARI SANGH BLG OPP.RESHAMWALA MARKET RING ROAD, SURAT,GUJARAT","CONTACT":"2350699","CITY":"SURAT","DISTRICT":"SURAT","STATE":"GUJARAT","RTGS":true,"meta":{"revision":0,"created":1516690522657,"version":0},"$loki":138},{"BANK":"DHANALAKSHMI BANK","IFSC":"DLXB0000143","BRANCH":"AHMEDABAD","ADDRESS":"3, MOTILAL CHAMBERS INCOME TAX CIRCLE, NEAR SALES INDIA ASHRAM ROAD, AHMEDABAD","CONTACT":"4502690","CITY":"AHMEDABAD","DISTRICT":"AHMEDABAD","STATE":"GUJARAT","RTGS":true,"meta":{"revision":0,"created":1516690522657,"version":0},"$loki":139},{"BANK":"DHANALAKSHMI BANK","IFSC":"DLXB0000144","BRANCH":"FORT MUMBAI","ADDRESS":"MUMBAI","CONTACT":"22045878","CITY":"MUMBAI","DISTRICT":"MUMBAI","STATE":"MAHARASHTRA","meta":{"revision":0,"created":1516690522657,"version":0},"$loki":140},{"BANK":"DHANALAKSHMI BANK","IFSC":"DLXB0000145","BRANCH":"EKM-IFB","ADDRESS":"P.B.NO:3548, XL/7296,ADJACENT TO T.D,. EAST SANNIDHI ROAD, M G ROAD ERNAKULAM.","CONTACT":"6675000","CITY":"KOCHI","DISTRICT":"KOCHI","STATE":"KERALA","RTGS":true,"meta":{"revision":0,"created":1516690522657,"version":0},"$loki":141},{"BANK":"DHANALAKSHMI BANK","IFSC":"DLXB0000146","BRANCH":"RTGS-HO","ADDRESS":"DHANALAKSHMI BANK LTD, MUMBAI","CONTACT":"61541700","CITY":"MUMBAI","DISTRICT":"MUMBAI","STATE":"MAHARASHTRA","meta":{"revision":0,"created":1516690522658,"version":0},"$loki":142},{"BANK":"DHANALAKSHMI BANK","IFSC":"DLXB0000147","BRANCH":"NEW DELHI","ADDRESS":"H 17,GOBIND MANSION, OUTER CIRCLE, CONNAUGHT CIRCUS, NEW DELHI -110 001","CONTACT":"64544645","CITY":"DELHI","DISTRICT":"DELHI","STATE":"DELHI","RTGS":true,"meta":{"revision":0,"created":1516690522658,"version":0},"$loki":143},{"BANK":"DHANALAKSHMI BANK","IFSC":"DLXB0000148","BRANCH":"EKM-KALOOR","ADDRESS":"DHANALAKSHMI BANK LTD., M E S CULTURAL COMPLEX BUILDING, GROUND FLOOR, KALOOR, ERNAKULAM","CONTACT":"6453297","CITY":"KALOOR","DISTRICT":"KALOOR","STATE":"KERALA","RTGS":true,"meta":{"revision":0,"created":1516690522658,"version":0},"$loki":144},{"BANK":"DHANALAKSHMI BANK","IFSC":"DLXB0000149","BRANCH":"CHENNAI-ANNA NAGAR","ADDRESS":"DHANALAKSHMI BANK LTD, Y-219, 2ND AVENUE, NEAR AYYAPPAN TEMPLE, ANNA NAGAR, CHENNAI-40","CONTACT":"64547913","CITY":"CHENNAI","DISTRICT":"CHENNAI","STATE":"TAMIL NADU","meta":{"revision":0,"created":1516690522658,"version":0},"$loki":145},{"BANK":"DHANALAKSHMI BANK","IFSC":"DLXB0000150","BRANCH":"PALAI","ADDRESS":"FIRST FLOOR JOBEES COMPLEX KATTAKKAYAM ROAD PALAI,KOTTAYAM DT","CONTACT":"9287276550","CITY":"PALAI","DISTRICT":"PALAI","STATE":"KERALA","RTGS":true,"meta":{"revision":0,"created":1516690522658,"version":0},"$loki":146},{"BANK":"DHANALAKSHMI BANK","IFSC":"DLXB0000151","BRANCH":"BGR-KORAMANGALA","ADDRESS":"100, 18TH MAIN, 6TH BLOCK, KORAMANGALA , BANGALORE","CONTACT":"64540467","CITY":"BANGALORE","DISTRICT":"BANGALORE","STATE":"KARNATAKA","RTGS":true,"meta":{"revision":0,"created":1516690522658,"version":0},"$loki":147},{"BANK":"DHANALAKSHMI BANK","IFSC":"DLXB0000152","BRANCH":"KALPETTA","ADDRESS":"SAKEENA SHOPPING COMPLEX, 1ST FLOOR, KALPETTA, WAYANAD DISTRICT, KERALA","CONTACT":"207595","CITY":"KALPETTA","DISTRICT":"KALPETTA","STATE":"KERALA","RTGS":true,"meta":{"revision":0,"created":1516690522658,"version":0},"$loki":148},{"BANK":"DHANALAKSHMI BANK","IFSC":"DLXB0000153","BRANCH":"KASARGODE","ADDRESS":"APSARA REGENCY COMPLEX, OPP. K S R T C BUS STAND, BANK ROAD, KASARGODE","CONTACT":"9287276561","CITY":"KASARAGOD","DISTRICT":"KASARAGOD","STATE":"KERALA","RTGS":true,"meta":{"revision":0,"created":1516690522658,"version":0},"$loki":149},{"BANK":"DHANALAKSHMI BANK","IFSC":"DLXB0000154","BRANCH":"KOLKATA","ADDRESS":"IDEAL PLAZA, GROUND FLOOR, 11/1, SARAT BOSE ROAD, KOLKATA.","CONTACT":"22815100","CITY":"KOLKATA","DISTRICT":"KOLKATA","STATE":"WEST BENGAL","meta":{"revision":0,"created":1516690522658,"version":0},"$loki":150},{"BANK":"DHANALAKSHMI BANK","IFSC":"DLXB0000155","BRANCH":"EDAPPALLY","ADDRESS":"THE DHANALAKSHMI BANK LTD, AMRITHA INSTITUTE OF MEDICAL SCIENCES, EDAPPALLY, KOCHI.","CONTACT":"6453611","CITY":"THRIKKAKARA","DISTRICT":"THRIKKAKARA","STATE":"KERALA","RTGS":true,"meta":{"revision":0,"created":1516690522658,"version":0},"$loki":151},{"BANK":"DHANALAKSHMI BANK","IFSC":"DLXB0000156","BRANCH":"KOLLANGODE","ADDRESS":"VASANTHA COMPLEX, KOLLENGODE PALAKKAD DIST. KERALA STATE, 678506","CONTACT":"9287276509","CITY":"KOLLENGODE I","DISTRICT":"KOLLENGODE I","STATE":"KERALA","RTGS":true,"meta":{"revision":0,"created":1516690522658,"version":0},"$loki":152},{"BANK":"DHANALAKSHMI BANK","IFSC":"DLXB0000157","BRANCH":"SERVICE BRANCH, ERANAKULAM","ADDRESS":"THE DHANALAKSHMI BANK LTD ,XXX/147-G, N H ROAD, PALARIVATTOM, ERNAKULAM..","CONTACT":"6453278","CITY":"KOCHI","DISTRICT":"KOCHI","STATE":"KERALA","RTGS":true,"meta":{"revision":0,"created":1516690522658,"version":0},"$loki":153},{"BANK":"DHANALAKSHMI BANK","IFSC":"DLXB0000158","BRANCH":"SERVICE BRANCH, THIRUVANANTHAPURAM","ADDRESS":"THE DHANALAKSHMI BANK LTD PB NO.5067, KARIMPAMAL ARCADE, FORT, THIRUVANANTHAPURAM","CONTACT":"6451050","CITY":"THIRUVANANTHAPURAM","DISTRICT":"THIRUVANANTHAPURAM","STATE":"KERALA","RTGS":true,"meta":{"revision":0,"created":1516690522658,"version":0},"$loki":154},{"BANK":"DHANALAKSHMI BANK","IFSC":"DLXB0000159","BRANCH":"SERVICE BRANCH, THRISSUR","ADDRESS":"THE DHANALAKSHMI BANK LTD, DHANALAKSHMI BUILDINGS, NAICKANAL, THRISSUR.","CONTACT":"7276687","CITY":"THRISSUR","DISTRICT":"THRISSUR","STATE":"KERALA","RTGS":true,"meta":{"revision":0,"created":1516690522658,"version":0},"$loki":155},{"BANK":"DHANALAKSHMI BANK","IFSC":"DLXB0000160","BRANCH":"R. S. PURAM","ADDRESS":"SRI NANDHINI COMPLEX, 8 VENKITASAMY ROAD, R.S.PURAM, COIMBATORE - 641 002.","CONTACT":"6451690","CITY":"COIMBATORE","DISTRICT":"COIMBATORE","STATE":"TAMIL NADU","meta":{"revision":0,"created":1516690522658,"version":0},"$loki":156},{"BANK":"DHANALAKSHMI BANK","IFSC":"DLXB0000161","BRANCH":"NA","ADDRESS":"4M-407,4TH MAIN,3RD BLOCK,HRBR LAYOUT,BANGALORE-560043.","CONTACT":"60120001","CITY":"BANGALORE","DISTRICT":"BANGALORE","STATE":"KARNATAKA","RTGS":true,"meta":{"revision":0,"created":1516690522658,"version":0},"$loki":157},{"BANK":"DHANALAKSHMI BANK","IFSC":"DLXB0000162","BRANCH":"VELACHERY","ADDRESS":"VELACHERY","CONTACT":"64540028","CITY":"CHENNAI","DISTRICT":"CHENNAI","STATE":"TAMIL NADU","meta":{"revision":0,"created":1516690522658,"version":0},"$loki":158},{"BANK":"DHANALAKSHMI BANK","IFSC":"DLXB0000163","BRANCH":"PANDALAM","ADDRESS":"GROUND FLOOR, MAR THOMA STUDENTS CENTRE, OPP NSS COLLEGE","CONTACT":"4254201","CITY":"PATHANAMTHITTA","DISTRICT":"PATHANAMTHITTA","STATE":"KERALA","RTGS":true,"meta":{"revision":0,"created":1516690522658,"version":0},"$loki":159},{"BANK":"DHANALAKSHMI BANK","IFSC":"DLXB0000164","BRANCH":"SERVICE BRANCH MUMBAI","ADDRESS":"GROUND FLOOR,JANMABHOOMI BHAVAN,JANMABHOOMI MARG, FORT,MUMBAI-400 001","CONTACT":"64530976","CITY":"MUMBAI","DISTRICT":"MUMBAI","STATE":"MAHARASHTRA","meta":{"revision":0,"created":1516690522658,"version":0},"$loki":160},{"BANK":"DHANALAKSHMI BANK","IFSC":"DLXB0000165","BRANCH":"BAR COUNCIL OF KERALA","ADDRESS":"BAR COUNCIL OF KER. BR. HIGH COURT CAMPUS, ERNAKULAM - 682 031.","CONTACT":"6453391","CITY":"KOCHI","DISTRICT":"KOCHI","STATE":"KERALA","RTGS":true,"meta":{"revision":0,"created":1516690522658,"version":0},"$loki":161},{"BANK":"DHANALAKSHMI BANK","IFSC":"DLXB0000166","BRANCH":"ADOOR","ADDRESS":"MOHANA BUILDING CENTRAL JUNCTION ADOOR PATHANAMTHITTA DIST.","CONTACT":"9287276474","CITY":"ADOOR","DISTRICT":"ADOOR","STATE":"KERALA","RTGS":true,"meta":{"revision":0,"created":1516690522658,"version":0},"$loki":162},{"BANK":"DHANALAKSHMI BANK","IFSC":"DLXB0000167","BRANCH":"BANJARA HILLS","ADDRESS":"TREND TOWERS, GR FLOOR 8-2-289/10, ROAD NO.2 , BANJARA HILLS, HYDERABAD, ANDHRA PRADESH","CONTACT":"4548776","CITY":"HYDERABAD","DISTRICT":"HYDERABAD","STATE":"ANDHRA PRADESH","RTGS":true,"meta":{"revision":0,"created":1516690522658,"version":0},"$loki":163},{"BANK":"DHANALAKSHMI BANK","IFSC":"DLXB0000168","BRANCH":"KUKATPALLY","ADDRESS":"686, VIVEKANANDA NAGAR COLONY, KUKATPALLY, HYDERABAD ANDHRA PRADESH","CONTACT":"3066221","CITY":"HYDERABAD","DISTRICT":"HYDERABAD","STATE":"ANDHRA PRADESH","RTGS":true,"meta":{"revision":0,"created":1516690522658,"version":0},"$loki":164},{"BANK":"DHANALAKSHMI BANK","IFSC":"DLXB0000169","BRANCH":"SION","ADDRESS":"THIRUMALAI HOUSE ,GROUND FLOOR, ROAD NO.29, NEAR SION HILL FORT SION (E), MUMABI.","CONTACT":"24018006","CITY":"MUMBAI","DISTRICT":"MUMBAI","STATE":"MAHARASHTRA","meta":{"revision":0,"created":1516690522658,"version":0},"$loki":165},{"BANK":"DHANALAKSHMI BANK","IFSC":"DLXB0000170","BRANCH":"KAROL BAGH","ADDRESS":"16/15, W.E.A., J.S.PLAZA , ARYA SAMAJ ROAD, KAROL BAGH, NEW DELHI","CONTACT":"64691036","CITY":"DELHI","DISTRICT":"DELHI","STATE":"DELHI","RTGS":true,"meta":{"revision":0,"created":1516690522658,"version":0},"$loki":166},{"BANK":"DHANALAKSHMI BANK","IFSC":"DLXB0000171","BRANCH":"GUNTUR","ADDRESS":"P S COMPLEX,D.NO;4-12-40 NAIDUPET,1ST LANE, KORETIPADU MAIN ROD, GUNTUR, ANDHRA PRADESH","CONTACT":"6450287","CITY":"GUNTUR","DISTRICT":"GUNTUR","STATE":"ANDHRA PRADESH","RTGS":true,"meta":{"revision":0,"created":1516690522658,"version":0},"$loki":167},{"BANK":"DHANALAKSHMI BANK","IFSC":"DLXB0000172","BRANCH":"BGL-M G ROAD","ADDRESS":"1A,NITISH BROADWAY, M G ROAD , BANGALORE","CONTACT":"64548695","CITY":"BANGALORE","DISTRICT":"BANGALORE","STATE":"KARNATAKA","RTGS":true,"meta":{"revision":0,"created":1516690522658,"version":0},"$loki":168},{"BANK":"DHANALAKSHMI BANK","IFSC":"DLXB0000173","BRANCH":"VISAKHAPATNAM","ADDRESS":"VIP ROAD, CBM COMPOUND VISAKHAPATNAM ANDHRA PRADESH - 530 003","CONTACT":"2540012","CITY":"VISAKHAPATNAM","DISTRICT":"VISAKHAPATNAM","STATE":"ANDHRA PRADESH","RTGS":true,"meta":{"revision":0,"created":1516690522658,"version":0},"$loki":169},{"BANK":"DHANALAKSHMI BANK","IFSC":"DLXB0000174","BRANCH":"MUMBAI-VASHI","ADDRESS":"PLOT NO.1 C, NISHANT MILLENNIUM , SECTOR 28, VASHI NAVI, MUMBAI-400703.","CONTACT":"27880360","CITY":"NEW BOMBAY","DISTRICT":"NEW BOMBAY","STATE":"MAHARASHTRA","meta":{"revision":0,"created":1516690522658,"version":0},"$loki":170},{"BANK":"DHANALAKSHMI BANK","IFSC":"DLXB0000175","BRANCH":"TIRUPATI","ADDRESS":"PLOT NO.3, TUDA LAY OUT RC ROAD, TIRUPATI ANDHRA PREDESH","CONTACT":"2245522","CITY":"TIRUPATI","DISTRICT":"TIRUPATI","STATE":"ANDHRA PRADESH","RTGS":true,"meta":{"revision":0,"created":1516690522658,"version":0},"$loki":171},{"BANK":"DHANALAKSHMI BANK","IFSC":"DLXB0000176","BRANCH":"NELLORE","ADDRESS":"15/345,BRINDAVANAM BEHIND VIJAYA DAIRY NELLORE ANDHRA PRADESH","CONTACT":"6451630","CITY":"NELLORE","DISTRICT":"NELLORE","STATE":"ANDHRA PRADESH","RTGS":true,"meta":{"revision":0,"created":1516690522658,"version":0},"$loki":172},{"BANK":"DHANALAKSHMI BANK","IFSC":"DLXB0000177","BRANCH":"LAJPAT NAGAR,NEW DELHI","ADDRESS":"A II/44,LAJPAT NAGAR II, LAJPAT NAGAR , NEW DELHI.","CONTACT":"64500242","CITY":"DELHI","DISTRICT":"DELHI","STATE":"DELHI","RTGS":true,"meta":{"revision":0,"created":1516690522658,"version":0},"$loki":173},{"BANK":"DHANALAKSHMI BANK","IFSC":"DLXB0000178","BRANCH":"ASHOK NAGAR,CHENNAI","ADDRESS":"SRI GOWTHAM\"\" NEW NO.5,OLD NO.3 1ST AVENUE, ASHOK NAGAR, CHENNAI","CONTACT":"64547921","CITY":"CHENNAI","DISTRICT":"CHENNAI","STATE":"TAMIL NADU","meta":{"revision":0,"created":1516690522658,"version":0},"$loki":174},{"BANK":"DHANALAKSHMI BANK","IFSC":"DLXB0000179","BRANCH":"ELURU","ADDRESS":"23A-3-28, DR.G S PRASAD HOSPITAL COMPLEX GOSAMRAKSHANA SAMITHI RD ELURU","CONTACT":"2223433","CITY":"ELURU","DISTRICT":"ELURU","STATE":"ANDHRA PRADESH","RTGS":true,"meta":{"revision":0,"created":1516690522658,"version":0},"$loki":175},{"BANK":"DHANALAKSHMI BANK","IFSC":"DLXB0000180","BRANCH":"VIJAYAWADA RING ROAD","ADDRESS":"59-14-8, SILPA ARCADE RAMACHANDRA NAGAR RING ROAD VIJAYAWADA","CONTACT":"6457335","CITY":"VIJAYAWADA","DISTRICT":"VIJAYAWADA","STATE":"ANDHRA PRADESH","RTGS":true,"meta":{"revision":0,"created":1516690522658,"version":0},"$loki":176},{"BANK":"DHANALAKSHMI BANK","IFSC":"DLXB0000181","BRANCH":"MALAPPURAM","ADDRESS":"1ST FLOOR,BAVA, ARCADE DOWN HILL MALAPPURAM","CONTACT":"6450419","CITY":"MALAPPURAM","DISTRICT":"MALAPPURAM","STATE":"KERALA","RTGS":true,"meta":{"revision":0,"created":1516690522658,"version":0},"$loki":177},{"BANK":"DHANALAKSHMI BANK","IFSC":"DLXB0000182","BRANCH":"KAKINADA","ADDRESS":"NO.26-1-12,TEMPLE STREET KAKINADA EAST GODAVARI DIST, ANDHRA PRADESH","CONTACT":"6451764","CITY":"KAKINADA","DISTRICT":"KAKINADA","STATE":"ANDHRA PRADESH","RTGS":true,"meta":{"revision":0,"created":1516690522658,"version":0},"$loki":178},{"BANK":"DHANALAKSHMI BANK","IFSC":"DLXB0000183","BRANCH":"NIZAMABAD","ADDRESS":"11-1-1623/2 3,SINGIDI COM PLEX,OPP.INDUR TRADERS, KANTESHWAR,ARMOOR ROAD, NIZAMABAD","CONTACT":"2644960","CITY":"NIZAMABAD","DISTRICT":"NIZAMABAD","STATE":"ANDHRA PRADESH","RTGS":true,"meta":{"revision":0,"created":1516690522658,"version":0},"$loki":179},{"BANK":"DHANALAKSHMI BANK","IFSC":"DLXB0000184","BRANCH":"KARUNAGAPALLY","ADDRESS":"ANNEXE EXCLLENCY BUILDING KARUNAGAPALLY, KOLLAM","CONTACT":"6451035","CITY":"KARUNAGAPALLY","DISTRICT":"KARUNAGAPALLY","STATE":"KERALA","RTGS":true,"meta":{"revision":0,"created":1516690522658,"version":0},"$loki":180},{"BANK":"DHANALAKSHMI BANK","IFSC":"DLXB0000185","BRANCH":"KHAMMAM","ADDRESS":"6-1-50, OPP.DWACRA BAZAR, WYRA ROAD, KHAMMAM, A.P.","CONTACT":"2644919","CITY":"KHAMMAM","DISTRICT":"KHAMMAM","STATE":"ANDHRA PRADESH","RTGS":true,"meta":{"revision":0,"created":1516690522658,"version":0},"$loki":181},{"BANK":"DHANALAKSHMI BANK","IFSC":"DLXB0000186","BRANCH":"SALT LAKE CITY","ADDRESS":"PLOT NO. 88, BLOCK BE, SECTOR - 1, SALT LAKE CITY, KOLKATA - 700 064.","CONTACT":"64990588","CITY":"KOLKATA","DISTRICT":"KOLKATA","STATE":"WEST BENGAL","meta":{"revision":0,"created":1516690522658,"version":0},"$loki":182},{"BANK":"DHANALAKSHMI BANK","IFSC":"DLXB0000187","BRANCH":"HOWRAH","ADDRESS":"23/2, B C, HARINIKETAN, MAULANA ABDUL KALAM AZAD ROAD, (DOBSON ROAD), HOWRAH, WEST BENGAL - 711 101.","CONTACT":"768033","CITY":"HOWRAH","DISTRICT":"HOWRAH","STATE":"WEST BENGAL","meta":{"revision":0,"created":1516690522658,"version":0},"$loki":183},{"BANK":"DHANALAKSHMI BANK","IFSC":"DLXB0000188","BRANCH":"SANJEEVA REDDY NAGAR","ADDRESS":"GROUND FLOOR, SAI SUSHMA HOMES, 23 / A, SANJEEVA REDDY NAGAR, HYDERABAD - 500 138.","CONTACT":"4636991","CITY":"HYDERABAD","DISTRICT":"HYDERABAD","STATE":"ANDHRA PRADESH","RTGS":true,"meta":{"revision":0,"created":1516690522658,"version":0},"$loki":184},{"BANK":"DHANALAKSHMI BANK","IFSC":"DLXB0000189","BRANCH":"JAYANAGAR","ADDRESS":"NEW NO. 52 (OLD NO. 745), 33RD CROSS ROAD, 4TH BLOCK, JAYANAGAR, BANGALORE - 560 011.","CONTACT":"3603260","CITY":"BANGALORE","DISTRICT":"BANGALORE","STATE":"KARNATAKA","RTGS":true,"meta":{"revision":0,"created":1516690522658,"version":0},"$loki":185},{"BANK":"DHANALAKSHMI BANK","IFSC":"DLXB0000190","BRANCH":"JANAKPURI","ADDRESS":"B-3/174, GROUND FLOOR, JANAKPURI, NEW DELHI - 110 058.","CONTACT":"64644337","CITY":"DELHI","DISTRICT":"DELHI","STATE":"DELHI","RTGS":true,"meta":{"revision":0,"created":1516690522658,"version":0},"$loki":186},{"BANK":"DHANALAKSHMI BANK","IFSC":"DLXB0000191","BRANCH":"GAZIABAD","ADDRESS":"GROUND FLOOR BASEMENT, R 2/240, RAJNAGAR, GHAZIABAD, UTTAR PRADESH - 201 002.","CONTACT":"6492804","CITY":"GHAZIABAD","DISTRICT":"GHAZIABAD","STATE":"UTTAR PRADESH","meta":{"revision":0,"created":1516690522658,"version":0},"$loki":187},{"BANK":"DHANALAKSHMI BANK","IFSC":"DLXB0000192","BRANCH":"GREATER KAILASH","ADDRESS":"M-72, M BLOCK MARKET, GREATER KAILASH - II, NEW DELHI-110048.","CONTACT":"64610866","CITY":"DELHI","DISTRICT":"DELHI","STATE":"DELHI","RTGS":true,"meta":{"revision":0,"created":1516690522658,"version":0},"$loki":188},{"BANK":"DHANALAKSHMI BANK","IFSC":"DLXB0000193","BRANCH":"NEHRU PLACE","ADDRESS":"UPPER GROUND FLOOR, SKYLARK BUILDING, 60, NEHRU PLACE, NEW DELHI - 110 019.","CONTACT":"65458371","CITY":"DELHI","DISTRICT":"DELHI","STATE":"DELHI","RTGS":true,"meta":{"revision":0,"created":1516690522658,"version":0},"$loki":189},{"BANK":"DHANALAKSHMI BANK","IFSC":"DLXB0000194","BRANCH":"ROHINI","ADDRESS":"GROUND FLOOR BASEMENT, PLOT NO. 4, POCKET A-1, SECTOR 8, ROHINI, DELHI - 110 085.","CONTACT":"65458170","CITY":"DELHI","DISTRICT":"DELHI","STATE":"DELHI","RTGS":true,"meta":{"revision":0,"created":1516690522658,"version":0},"$loki":190},{"BANK":"DHANALAKSHMI BANK","IFSC":"DLXB0000195","BRANCH":"GURGAON","ADDRESS":"GROUND FLOOR, SCO 17, SECTOR 14, GURGAON, HARYANA - 122 001.","CONTACT":"6462186","CITY":"GURGAON","DISTRICT":"GURGAON","STATE":"HARYANA","RTGS":true,"meta":{"revision":0,"created":1516690522658,"version":0},"$loki":191},{"BANK":"DHANALAKSHMI BANK","IFSC":"DLXB0000196","BRANCH":"FARIDABAD","ADDRESS":"GROUND FLOOR BASEMENT, CROWN PLAZA, SHOP NO. 2D/10B, 1 2 CHOWK, OPP. GHAZAL RESTAURANT, NIT, FARIDABAD, HARAYANA - 121 001.","CONTACT":"6462085","CITY":"FARIDABAD","DISTRICT":"FARIDABAD","STATE":"HARYANA","RTGS":true,"meta":{"revision":0,"created":1516690522658,"version":0},"$loki":192},{"BANK":"DHANALAKSHMI BANK","IFSC":"DLXB0000197","BRANCH":"NOIDA","ADDRESS":"GROUND FLOOR, K -23 24, SECTOR - 18, NOIDA, UTTAR PRADESH 201301.","CONTACT":"6590310","CITY":"NOIDA","DISTRICT":"NOIDA","STATE":"UTTAR PRADESH","meta":{"revision":0,"created":1516690522658,"version":0},"$loki":193},{"BANK":"DHANALAKSHMI BANK","IFSC":"DLXB0000198","BRANCH":"ULHAS NAGAR","ADDRESS":"GROUND FLOOR MEZZANINE FLOOR, KOMAL PARK BLDG, GOLE MAIDAN, ULHASNAGAR, MUMBAI, MAHARASHTRA - 421 001","CONTACT":"2232813","CITY":"ULHASNAGAR","DISTRICT":"ULHASNAGAR","STATE":"MAHARASHTRA","meta":{"revision":0,"created":1516690522658,"version":0},"$loki":194},{"BANK":"DHANALAKSHMI BANK","IFSC":"DLXB0000199","BRANCH":"GOREGOAN","ADDRESS":"RISAB MANSION, PLOT NO. 3, JAWAHAR NAGAR, S.V. ROAD, GOREGAON (W), MUMBAI - 400 069.","CONTACT":"65991863","CITY":"MUMBAI","DISTRICT":"MUMBAI","STATE":"MAHARASHTRA","meta":{"revision":0,"created":1516690522658,"version":0},"$loki":195},{"BANK":"DHANALAKSHMI BANK","IFSC":"DLXB0000200","BRANCH":"CBD BELAPUR","ADDRESS":"GROUND FLOOR, WARDEN HOUSE, PLOT NO. 65, SECTOR 11, CBD BELAPUR, NAVI MUMBAI, MAHARASHTRA - 400 614.","CONTACT":"65991873","CITY":"MUMBAI","DISTRICT":"MUMBAI","STATE":"MAHARASHTRA","meta":{"revision":0,"created":1516690522658,"version":0},"$loki":196},{"BANK":"DHANALAKSHMI BANK","IFSC":"DLXB0000201","BRANCH":"BORIVLI","ADDRESS":"GROUND FLOOR, SHOP NO. 2, 3 4, KAPOOR APARTMENT, CHANDAVARKAR ROAD, BORIVLI (WEST), MUMBAI, MAHARASHTRA - 400 092.","CONTACT":"65991881","CITY":"MUMBAI","DISTRICT":"MUMBAI","STATE":"MAHARASHTRA","meta":{"revision":0,"created":1516690522658,"version":0},"$loki":197},{"BANK":"DHANALAKSHMI BANK","IFSC":"DLXB0000202","BRANCH":"PALANI","ADDRESS":"GROUND FLOOR, ANGURAJ COMPLEX, NO. 41, NEW DHARAMPURAM ROAD, PALANI, TAMIL NADU - 624 601.","CONTACT":"9244901061","CITY":"PALANI","DISTRICT":"PALANI","STATE":"TAMIL NADU","meta":{"revision":0,"created":1516690522658,"version":0},"$loki":198},{"BANK":"DHANALAKSHMI BANK","IFSC":"DLXB0000203","BRANCH":"KANCHEEPURAM","ADDRESS":"GROUND FLOOR, VAISHNAVI PLAZA, 17 18, WEST RAJA STREET, KANCHEEPURAM, TAMIL NADU - 631 502.","CONTACT":"67271578","CITY":"KANCHIPURAM","DISTRICT":"KANCHIPURAM","STATE":"TAMIL NADU","meta":{"revision":0,"created":1516690522658,"version":0},"$loki":199},{"BANK":"DHANALAKSHMI BANK","IFSC":"DLXB0000204","BRANCH":"DHANUVACHAPURAM","ADDRESS":"GROUND FLOOR, MORIAH COMPLEX, UDIYANKULANGARA JUNCTION, AMRAVAVILA P.O. DHANUVACHAPURAM, TRIVANDRUM, KERALA - 695 122","CONTACT":"6455628","CITY":"DHANUVACHAPURAM","DISTRICT":"DHANUVACHAPURAM","STATE":"KERALA","RTGS":true,"meta":{"revision":0,"created":1516690522658,"version":0},"$loki":200},{"BANK":"DHANALAKSHMI BANK","IFSC":"DLXB0000205","BRANCH":"PUNALUR","ADDRESS":"GROUND FLOOR, UNION BUILDING, ANCHAL ROAD, PUNALUR, KERALA - 691 305","CONTACT":"9287215999","CITY":"PUNALUR","DISTRICT":"PUNALUR","STATE":"KERALA","RTGS":true,"meta":{"revision":0,"created":1516690522658,"version":0},"$loki":201},{"BANK":"DHANALAKSHMI BANK","IFSC":"DLXB0000206","BRANCH":"BRABOURNE ROAD","ADDRESS":"15 PORTUGUESE CHURCH STREET, SHAHEED NITYANAND SAHA SARANI, KOLKATA - 700 001.","CONTACT":"64570047","CITY":"KOLKATA","DISTRICT":"KOLKATA","STATE":"WEST BENGAL","meta":{"revision":0,"created":1516690522658,"version":0},"$loki":202},{"BANK":"DHANALAKSHMI BANK","IFSC":"DLXB0000207","BRANCH":"MIRA BHAYANDAR","ADDRESS":"GROUND FLOOR, JANAKI HERITAGE, OPP. MAXUS MALL, 150 FT. ROAD, BHAYANDER (WEST), DIST. THANE, MAHARASHTRA - 401 101.","CONTACT":"65991877","CITY":"MIRA-BHAYANDAR","DISTRICT":"MIRA-BHAYANDAR","STATE":"MAHARASHTRA","meta":{"revision":0,"created":1516690522658,"version":0},"$loki":203},{"BANK":"DHANALAKSHMI BANK","IFSC":"DLXB0000208","BRANCH":"NALLASOPARA","ADDRESS":"GROUND FLOOR, SHOP NO. 9 TO 16, OLIVE BUILDING, JIVDANI BUILDERS DEVELOPERS, PATNKAR WADI, NALLA SOPARA (WEST) 401 203","CONTACT":"6453376","CITY":"NALLASOPARA","DISTRICT":"NALLASOPARA","STATE":"MAHARASHTRA","meta":{"revision":0,"created":1516690522658,"version":0},"$loki":204},{"BANK":"DHANALAKSHMI BANK","IFSC":"DLXB0000209","BRANCH":"DOMBIVLI","ADDRESS":"GROUND FLOOR, MIRAGE ARCADE, OPP GANESH TEMPLE, NEHRU ROAD, DOMBIVALI (EAST), MUMBAI, MAHARASHTRA - 421201.","CONTACT":"2470033","CITY":"DOMBIVLI","DISTRICT":"DOMBIVLI","STATE":"MAHARASHTRA","meta":{"revision":0,"created":1516690522658,"version":0},"$loki":205},{"BANK":"DHANALAKSHMI BANK","IFSC":"DLXB0000210","BRANCH":"BHIWANDI","ADDRESS":"GROUND FLOOR, DHAMANKAR PSD PLAZA, DHAMANKAR NAKA, AGRA ROAD, BHIWANDI, THANE DISTRICT, MUMBAI, MAHARASHTRA - 421 302","CONTACT":"2251002","CITY":"BHIWANDI","DISTRICT":"BHIWANDI","STATE":"MAHARASHTRA","meta":{"revision":0,"created":1516690522658,"version":0},"$loki":206},{"BANK":"DHANALAKSHMI BANK","IFSC":"DLXB0000211","BRANCH":"AMBERNATH","ADDRESS":"1ST FLOOR GROUND FLOOR, LAXMI SAGAR APT, PLOT NO.3-C, SHIV MANDIR ROAD, SWAMI SAMARTH CHOWK, AMBERNATH (EAST), DIST THANE, MAHARASHTRA - 421501","CONTACT":"6543263","CITY":"THANE","DISTRICT":"THANE","STATE":"MAHARASHTRA","meta":{"revision":0,"created":1516690522658,"version":0},"$loki":207},{"BANK":"DHANALAKSHMI BANK","IFSC":"DLXB0000212","BRANCH":"MUMBAI CENTRAL","ADDRESS":"GROUND 1ST FLOOR,SHOP NO.12-13-14,OFFICE NO.104,105,106,NAVJIVAN COMMERCIAL PREMISES CO-OP.SOC.LTD, MUMBAI CENTRAL,MUMBAI, MAHARASHTRA -400 008","CONTACT":"64557852","CITY":"MUMBAI","DISTRICT":"MUMBAI","STATE":"MAHARASHTRA","meta":{"revision":0,"created":1516690522658,"version":0},"$loki":208},{"BANK":"DHANALAKSHMI BANK","IFSC":"DLXB0000213","BRANCH":"VADODARA","ADDRESS":"SHINE PLAZA, OPP. PASABHAI PARK, NEAR NATUBHAI CIRCLE, RACE COURSE ROAD, VADODARA, GUJARAT - 390 007","CONTACT":"6450362","CITY":"VADODARA","DISTRICT":"VADODARA","STATE":"GUJARAT","RTGS":true,"meta":{"revision":0,"created":1516690522658,"version":0},"$loki":209},{"BANK":"DHANALAKSHMI BANK","IFSC":"DLXB0000214","BRANCH":"RAJAMPET","ADDRESS":"1ST FLOOR, 6/1015, RAILWAY STATION ROAD, RAJAMPET, KADAPA DIST, ANDHRA PRADESH  516 115","CONTACT":"9247015103","CITY":"RAJAMPET","DISTRICT":"RAJAMPET","STATE":"ANDHRA PRADESH","RTGS":true,"meta":{"revision":0,"created":1516690522658,"version":0},"$loki":210},{"BANK":"DHANALAKSHMI BANK","IFSC":"DLXB0000215","BRANCH":"BARDOLI","ADDRESS":"GROUND FLOOR, SHRI RANG PLAZA, SARDAR CHOWK, NEAR POLICE STATION, BARDOLI, GUJARAT - 394 601","CONTACT":"2650232","CITY":"BARDOLI","DISTRICT":"BARDOLI","STATE":"GUJARAT","RTGS":true,"meta":{"revision":0,"created":1516690522658,"version":0},"$loki":211},{"BANK":"DHANALAKSHMI BANK","IFSC":"DLXB0000216","BRANCH":"LUCKNOW","ADDRESS":"GROUND FLOOR BASEMENT, HALWASIYA HOUSE NO. 11, M.G. ROAD, HAZRATGANJ, LUCKNOW, UTTAR PRADESH - 226 001","CONTACT":"6569040","CITY":"LUCKNOW","DISTRICT":"LUCKNOW","STATE":"UTTAR PRADESH","meta":{"revision":0,"created":1516690522659,"version":0},"$loki":212},{"BANK":"DHANALAKSHMI BANK","IFSC":"DLXB0000217","BRANCH":"NAMAKKAL","ADDRESS":"GROUND FLOOR, RANGA PLAZA, PARAMATHY ROAD, NAMAKKAL","CONTACT":"6644117","CITY":"NAMAKKAL","DISTRICT":"NAMAKKAL","STATE":"TAMIL NADU","meta":{"revision":0,"created":1516690522659,"version":0},"$loki":213},{"BANK":"DHANALAKSHMI BANK","IFSC":"DLXB0000218","BRANCH":"JAIPUR","ADDRESS":"G - 3/4/5/6/7, ROYAL WORLD, OPP. CITY CENTRE, SANSAR CHAND ROAD, JAIPUR, RAJASTHAN - 302 001.","CONTACT":"6501791","CITY":"JAIPUR","DISTRICT":"JAIPUR","STATE":"RAJASTHAN","meta":{"revision":0,"created":1516690522659,"version":0},"$loki":214},{"BANK":"DHANALAKSHMI BANK","IFSC":"DLXB0000219","BRANCH":"CHANDIGARH","ADDRESS":"GROUND FLOOR, RAI BUILDING, SECTOR - 17, NEAR K C CINEMA, CHANDIGARH - 160 017.","CONTACT":"6538924","CITY":"CHANDIGARH","DISTRICT":"CHANDIGARH","STATE":"PUNJAB","RTGS":true,"meta":{"revision":0,"created":1516690522659,"version":0},"$loki":215},{"BANK":"DHANALAKSHMI BANK","IFSC":"DLXB0000220","BRANCH":"JALANDHAR","ADDRESS":"GROUND FLOOR, 465 - A, NEW JAWAHAR NAGAR, JALANDHAR, PUNJAB - 144 021.","CONTACT":"6450562","CITY":"JALANDHAR","DISTRICT":"JALANDHAR","STATE":"PUNJAB","meta":{"revision":0,"created":1516690522659,"version":0},"$loki":216},{"BANK":"DHANALAKSHMI BANK","IFSC":"DLXB0000221","BRANCH":"JAGDISHPUR","ADDRESS":"NEW BUILDING, GROUND FLOOR, SHANTI MARKET, GT ROAD, JAGDISHPUR - 227809","CONTACT":"5409029","CITY":"JAGDISHPUR","DISTRICT":"JAGDISHPUR","STATE":"UTTAR PRADESH","meta":{"revision":0,"created":1516690522659,"version":0},"$loki":217},{"BANK":"DHANALAKSHMI BANK","IFSC":"DLXB0000222","BRANCH":"VARANASI","ADDRESS":"GROUND FLOOR, SHAKTI SIKHA COMPLEX, SIGRA, VARANASI, UTTAR PRADESH - 221 010","CONTACT":"6452494","CITY":"VARANASI","DISTRICT":"VARANASI","STATE":"UTTAR PRADESH","meta":{"revision":0,"created":1516690522659,"version":0},"$loki":218},{"BANK":"DHANALAKSHMI BANK","IFSC":"DLXB0000223","BRANCH":"MYSORE","ADDRESS":"GROUND FLOOR, DOOR NO. 14, 4TH MAIN, 8TH CROSS, KAMAKSHI HOSPITAL ROAD, SARSWATHIPURAM, MYSORE, KARNATAKA - 570 009.","CONTACT":"6450493","CITY":"MYSORE","DISTRICT":"MYSORE","STATE":"KARNATAKA","RTGS":true,"meta":{"revision":0,"created":1516690522659,"version":0},"$loki":219},{"BANK":"DHANALAKSHMI BANK","IFSC":"DLXB0000224","BRANCH":"PALANPUR","ADDRESS":"PALANPUR","CONTACT":"2645809","CITY":"PALANPUR","DISTRICT":"PALANPUR","STATE":"KERALA","RTGS":true,"meta":{"revision":0,"created":1516690522659,"version":0},"$loki":220},{"BANK":"DHANALAKSHMI BANK","IFSC":"DLXB0000225","BRANCH":"PUTTAPARTI","ADDRESS":"GROUND FLOOR, SHOP NO. 102, SREE GURU TOWERS, OLD NO. 3-632, GOPURAM ROAD, ANANTPUR DIST, PUTTAPARTHI - 515 134, ANDHRA PRADESH.","CONTACT":"5286192","CITY":"PUTTAPARTHI","DISTRICT":"PUTTAPARTHI","STATE":"ANDHRA PRADESH","RTGS":true,"meta":{"revision":0,"created":1516690522659,"version":0},"$loki":221},{"BANK":"DHANALAKSHMI BANK","IFSC":"DLXB0000226","BRANCH":"BHOPAL","ADDRESS":"GROUND FLOOR, VNV PLAZA, PLOT NO. 6, ZONE - II, MAHARANA PRATAP NAGAR, BHOPAL, MADHYA PRADESH - 462 001.","CONTACT":"2555019","CITY":"BHOPAL","DISTRICT":"BHOPAL","STATE":"MADHYA PRADESH","meta":{"revision":0,"created":1516690522659,"version":0},"$loki":222},{"BANK":"DHANALAKSHMI BANK","IFSC":"DLXB0000227","BRANCH":"DURGAPUR","ADDRESS":"FIRST FLOOR, GALAZEE SHAHID KHUDIRAM SARANI, CITY CENTER, DURGAPUR, WEST BENGAL - 713 216.","CONTACT":"6450522","CITY":"DURGAPUR","DISTRICT":"DURGAPUR","STATE":"WEST BENGAL","meta":{"revision":0,"created":1516690522659,"version":0},"$loki":223},{"BANK":"DHANALAKSHMI BANK","IFSC":"DLXB0000228","BRANCH":"YELAHANKA","ADDRESS":"GROUND FLOOR, DOOR NO. 1143, MIG, 16TH \"\"B\"\" MAIN ROAD, YELAHANKA NEW TOWN, BANGALORE, KARNATAKA - 560 064.","CONTACT":"64531843","CITY":"YELAHANKA","DISTRICT":"YELAHANKA","STATE":"KARNATAKA","RTGS":true,"meta":{"revision":0,"created":1516690522659,"version":0},"$loki":224},{"BANK":"DHANALAKSHMI BANK","IFSC":"DLXB0000229","BRANCH":"MULUND","ADDRESS":"A-WING, RAJYOG RESIDENCY, DR.RAJENDRA PRASAD ROAD, OPP. VARDHAMAN NAGAR, MULUND (WEST), MUMBAI, MAHARASHTRA - 400 080","CONTACT":"64531653","CITY":"MUMBAI","DISTRICT":"MUMBAI","STATE":"MAHARASHTRA","meta":{"revision":0,"created":1516690522659,"version":0},"$loki":225},{"BANK":"DHANALAKSHMI BANK","IFSC":"DLXB0000230","BRANCH":"BANDRA","ADDRESS":"GROUND FLOOR, GRAND BELLEVISTA, OPP.BANDRA TALAO, S.V.ROAD, BANDRA (WEST), MUMBAI-400050.","CONTACT":"64509908","CITY":"BHANDARA","DISTRICT":"BHANDARA","STATE":"MAHARASHTRA","meta":{"revision":0,"created":1516690522659,"version":0},"$loki":226},{"BANK":"DHANALAKSHMI BANK","IFSC":"DLXB0000231","BRANCH":"PUNE","ADDRESS":"PUNE","CONTACT":"4500220","CITY":"PUNE","DISTRICT":"PUNE","STATE":"MAHARASHTRA","meta":{"revision":0,"created":1516690522659,"version":0},"$loki":227},{"BANK":"DHANALAKSHMI BANK","IFSC":"DLXB0000232","BRANCH":"RAMESWARAM","ADDRESS":"GROUND FLOOR, 18/71, OLD POLICE LANE STREET, VEERABADRASWAMY KOIL/STREET, RAMESWARAM, RAMANATHAPURAM DISTRICT, TAMIL NADU - 623 526","CONTACT":"3221033","CITY":"RAMESWARAM","DISTRICT":"RAMESWARAM","STATE":"TAMIL NADU","meta":{"revision":0,"created":1516690522659,"version":0},"$loki":228},{"BANK":"DHANALAKSHMI BANK","IFSC":"DLXB0000233","BRANCH":"UDMA","ADDRESS":"GROUND FLOOR, NEW BUILDING, NEAR RAILWAY GATE, MAIN ROAD, UDMA, KASARGODE DISTRICT, KERALA - 671 319","CONTACT":"265320","CITY":"UDMA","DISTRICT":"UDMA","STATE":"KERALA","RTGS":true,"meta":{"revision":0,"created":1516690522659,"version":0},"$loki":229},{"BANK":"DHANALAKSHMI BANK","IFSC":"DLXB0000234","BRANCH":"GHATKOPAR","ADDRESS":"MUMBAI","CONTACT":"65409017","CITY":"MUMBAI","DISTRICT":"MUMBAI","STATE":"MAHARASHTRA","meta":{"revision":0,"created":1516690522659,"version":0},"$loki":230},{"BANK":"DHANALAKSHMI BANK","IFSC":"DLXB0000235","BRANCH":"CHIDAMBARAM","ADDRESS":"CHIDAMBARAM","CONTACT":"4651912","CITY":"CHIDAMBARAM","DISTRICT":"CHIDAMBARAM","STATE":"TAMIL NADU","meta":{"revision":0,"created":1516690522659,"version":0},"$loki":231},{"BANK":"DHANALAKSHMI BANK","IFSC":"DLXB0000236","BRANCH":"VERAVAL","ADDRESS":"GUJARAT","CONTACT":"6242301","CITY":"VIRAVAL","DISTRICT":"VIRAVAL","STATE":"GUJARAT","RTGS":true,"meta":{"revision":0,"created":1516690522659,"version":0},"$loki":232},{"BANK":"DHANALAKSHMI BANK","IFSC":"DLXB0000237","BRANCH":"MANJERI","ADDRESS":"GROUND FLOOR, KORAMBAYIL COPERATE MALL, CENTRAL BAZAR, CALICUT ROAD, MANJERI, MALAPPURAM DISTRICT, KERALA - 676 121","CONTACT":"9287276847","CITY":"MANJERI","DISTRICT":"MANJERI","STATE":"KERALA","RTGS":true,"meta":{"revision":0,"created":1516690522659,"version":0},"$loki":233},{"BANK":"DHANALAKSHMI BANK","IFSC":"DLXB0000238","BRANCH":"KATTAMPALLY","ADDRESS":"UPPER GROUND, CENTER PLAZA, KATTAMPALLY ROAD, PUTHIYATHERU, KANNUR, KERALA - 670 011","CONTACT":"450608","CITY":"KATTAMPALLY","DISTRICT":"KATTAMPALLY","STATE":"KERALA","RTGS":true,"meta":{"revision":0,"created":1516690522659,"version":0},"$loki":234},{"BANK":"DHANALAKSHMI BANK","IFSC":"DLXB0000239","BRANCH":"KAYYUR","ADDRESS":"THRISSUR","CONTACT":"2250666","CITY":"THRISSUR","DISTRICT":"THRISSUR","STATE":"KERALA","RTGS":true,"meta":{"revision":0,"created":1516690522659,"version":0},"$loki":235},{"BANK":"DHANALAKSHMI BANK","IFSC":"DLXB0000240","BRANCH":"THRIKKAKARA","ADDRESS":"THRIKKAKARA","CONTACT":"6450772","CITY":"THRIKKAKARA","DISTRICT":"THRIKKAKARA","STATE":"KERALA","RTGS":true,"meta":{"revision":0,"created":1516690522659,"version":0},"$loki":236},{"BANK":"DHANALAKSHMI BANK","IFSC":"DLXB0000241","BRANCH":"VADAKARA","ADDRESS":"VADAKARA","CONTACT":"6451169","CITY":"VADAKARA","DISTRICT":"VADAKARA","STATE":"KERALA","RTGS":true,"meta":{"revision":0,"created":1516690522659,"version":0},"$loki":237},{"BANK":"DHANALAKSHMI BANK","IFSC":"DLXB0000242","BRANCH":"KANHANGAD","ADDRESS":"KANHANGAD","CONTACT":"2200911","CITY":"KANHANGAD","DISTRICT":"KANHANGAD","STATE":"KERALA","RTGS":true,"meta":{"revision":0,"created":1516690522659,"version":0},"$loki":238},{"BANK":"DHANALAKSHMI BANK","IFSC":"DLXB0000243","BRANCH":"PUNJABI BAGH","ADDRESS":"PUNJABI BAGH","CONTACT":"65101115","CITY":"NEW DELHI","DISTRICT":"NEW DELHI","STATE":"DELHI","RTGS":true,"meta":{"revision":0,"created":1516690522659,"version":0},"$loki":239},{"BANK":"DHANALAKSHMI BANK","IFSC":"DLXB0000244","BRANCH":"KURUPPAMPADY","ADDRESS":"KURUPPAMPADY","CONTACT":"2593428","CITY":"KURUPPAMPADY","DISTRICT":"KURUPPAMPADY","STATE":"KERALA","RTGS":true,"meta":{"revision":0,"created":1516690522659,"version":0},"$loki":240},{"BANK":"DHANALAKSHMI BANK","IFSC":"DLXB0000245","BRANCH":"CPC HYDERABAD","ADDRESS":"CPC HYDERABAD","CONTACT":"4500796","CITY":"HYDERABAD","DISTRICT":"HYDERABAD","STATE":"ANDHRA PRADESH","RTGS":true,"meta":{"revision":0,"created":1516690522659,"version":0},"$loki":241},{"BANK":"DHANALAKSHMI BANK","IFSC":"DLXB0000246","BRANCH":"PANAJI","ADDRESS":"PANAJI","CONTACT":"6451033","CITY":"GOA","DISTRICT":"PANAJI","STATE":"GOA","RTGS":true,"meta":{"revision":0,"created":1516690522659,"version":0},"$loki":242},{"BANK":"DHANALAKSHMI BANK","IFSC":"DLXB0000247","BRANCH":"ANDHERI BRANCH","ADDRESS":"MUMBAI","CONTACT":"64500501","CITY":"MUMBAI","DISTRICT":"MUMBAI","STATE":"MAHARASHTRA","meta":{"revision":0,"created":1516690522659,"version":0},"$loki":243},{"BANK":"DHANALAKSHMI BANK","IFSC":"DLXB0000248","BRANCH":"PRABHADEVI","ADDRESS":"GROUND FLOOR & BASEMENT, WEST VIEW CO-OP HOUSING SOCIETYLTD, 485 VEER SAVARKAR MARG, PRABHADEVI MUMBAI -400025","CONTACT":"64500502","CITY":"MUMBAI","DISTRICT":"MUMBAI","STATE":"MAHARASHTRA","meta":{"revision":0,"created":1516690522659,"version":0},"$loki":244},{"BANK":"DHANALAKSHMI BANK","IFSC":"DLXB0000249","BRANCH":"VASAI","ADDRESS":"THANE","CONTACT":"2330486","CITY":"THANE","DISTRICT":"THANE","STATE":"MAHARASHTRA","meta":{"revision":0,"created":1516690522659,"version":0},"$loki":245},{"BANK":"DHANALAKSHMI BANK","IFSC":"DLXB0000250","BRANCH":"VIRAR","ADDRESS":"GROUND FLOOR VIVA GOKUL ARCADE","CONTACT":"6450245","CITY":"MUMBAI","DISTRICT":"MUMBAI","STATE":"MAHARASHTRA","meta":{"revision":0,"created":1516690522659,"version":0},"$loki":246},{"BANK":"DHANALAKSHMI BANK","IFSC":"DLXB0000251","BRANCH":"AMRUTHA INSTITUTE OF COMPUTER TECH, SALIGRAMAM","ADDRESS":"CHENNAI","CONTACT":"64509226","CITY":"CHENNAI","DISTRICT":"CHENNAI","STATE":"TAMIL NADU","meta":{"revision":0,"created":1516690522659,"version":0},"$loki":247},{"BANK":"DHANALAKSHMI BANK","IFSC":"DLXB0000252","BRANCH":"S.N.SCHOOL & COLLEGE, WEST MAMBALAM","ADDRESS":"CHENNAI","CONTACT":"65450573","CITY":"CHENNAI","DISTRICT":"CHENNAI","STATE":"TAMIL NADU","meta":{"revision":0,"created":1516690522659,"version":0},"$loki":248},{"BANK":"DHANALAKSHMI BANK","IFSC":"DLXB0000253","BRANCH":"AMRITA INSTITUTE OF TECHNOLOGY ETTIMADAI","ADDRESS":"COIMBATORE","CONTACT":"2652335","CITY":"COIMBATORE","DISTRICT":"COIMBATORE","STATE":"TAMIL NADU","meta":{"revision":0,"created":1516690522659,"version":0},"$loki":249},{"BANK":"DHANALAKSHMI BANK","IFSC":"DLXB0000254","BRANCH":"MGR ADARSH METRICULATION HIGH SCHOOL, MOGAPPAIR","ADDRESS":"CHENNAI","CONTACT":"65450574","CITY":"CHENNAI","DISTRICT":"CHENNAI","STATE":"TAMIL NADU","meta":{"revision":0,"created":1516690522659,"version":0},"$loki":250},{"BANK":"DHANALAKSHMI BANK","IFSC":"DLXB0000255","BRANCH":"S.T.HINDU COLLEGE, NAGERCOIL","ADDRESS":"NAGERCOIL","CONTACT":"2223475","CITY":"NAGERCOIL","DISTRICT":"KANYAKUMARI","STATE":"TAMIL NADU","meta":{"revision":0,"created":1516690522659,"version":0},"$loki":251},{"BANK":"DHANALAKSHMI BANK","IFSC":"DLXB0000256","BRANCH":"AMRUTHANJAN LIMITED, MYLAPORE","ADDRESS":"CHENNAI","CONTACT":"64508185","CITY":"CHENNAI","DISTRICT":"CHENNAI","STATE":"TAMIL NADU","meta":{"revision":0,"created":1516690522659,"version":0},"$loki":252},{"BANK":"DHANALAKSHMI BANK","IFSC":"DLXB0000257","BRANCH":"NRI MEDICAL COLLEGE CHINNA KAKKANI","ADDRESS":"VIJAYAWADA","CONTACT":"9247060807","CITY":"VIJAYAWADA","DISTRICT":"VIJAYAWADA","STATE":"ANDHRA PRADESH","RTGS":true,"meta":{"revision":0,"created":1516690522659,"version":0},"$loki":253},{"BANK":"DHANALAKSHMI BANK","IFSC":"DLXB0000258","BRANCH":"AMRITA INSTITUTE OF TECHNOLOGY KORAMANGALA","ADDRESS":"BANGALORE","CONTACT":"64540470","CITY":"BANGALORE","DISTRICT":"BANGALORE","STATE":"KARNATAKA","RTGS":true,"meta":{"revision":0,"created":1516690522659,"version":0},"$loki":254},{"BANK":"DHANALAKSHMI BANK","IFSC":"DLXB0000259","BRANCH":"GURUVAYOOR DEVASWOM GURUVAYOOR","ADDRESS":"GURUVAYOOR","CONTACT":"6453980","CITY":"GURUVAYOOR","DISTRICT":"THRISSUR","STATE":"KERALA","RTGS":true,"meta":{"revision":0,"created":1516690522659,"version":0},"$loki":255},{"BANK":"DHANALAKSHMI BANK","IFSC":"DLXB0000260","BRANCH":"M.A.MATH, VALLIKAVU","ADDRESS":"KOLLAM","CONTACT":"9287276643","CITY":"KOLLAM","DISTRICT":"KOLLAM","STATE":"KERALA","RTGS":true,"meta":{"revision":0,"created":1516690522659,"version":0},"$loki":256},{"BANK":"DHANALAKSHMI BANK","IFSC":"DLXB0000261","BRANCH":"MALABAR INSTITUTE OF MEDICAL SCIENCE, KOZHIKODE","ADDRESS":"KOZHIKODE","CONTACT":"6453515","CITY":"KOZHIKODE","DISTRICT":"KOZHIKODE","STATE":"KERALA","RTGS":true,"meta":{"revision":0,"created":1516690522659,"version":0},"$loki":257},{"BANK":"DHANALAKSHMI BANK","IFSC":"DLXB0000262","BRANCH":"MEDICAL COLLEGE, MULAKUNNATHUKAVU","ADDRESS":"THRISSUR","CONTACT":"2206179","CITY":"THRISSUR","DISTRICT":"THRISSUR","STATE":"KERALA","RTGS":true,"meta":{"revision":0,"created":1516690522659,"version":0},"$loki":258},{"BANK":"DHANALAKSHMI BANK","IFSC":"DLXB0000263","BRANCH":"MUNCIPALITY, MUNCIPAL BUILDING, VARKALA","ADDRESS":"TRIVANDRAM","CONTACT":"9287276647","CITY":"TRIVANDRAM","DISTRICT":"TRIVANDRAM","STATE":"KERALA","RTGS":true,"meta":{"revision":0,"created":1516690522659,"version":0},"$loki":259},{"BANK":"DHANALAKSHMI BANK","IFSC":"DLXB0000264","BRANCH":"NSS TALUK UNION,KOTTARAKARA","ADDRESS":"KOTTARAKARA","CONTACT":"9287276646","CITY":"KOTTARAKARA","DISTRICT":"KOTTARAKARA","STATE":"KERALA","RTGS":true,"meta":{"revision":0,"created":1516690522659,"version":0},"$loki":260},{"BANK":"DHANALAKSHMI BANK","IFSC":"DLXB0000265","BRANCH":"S.N.COLLEGE, CHERTHALA","ADDRESS":"CHERTHALA","CONTACT":"6450278","CITY":"CHERTHALA","DISTRICT":"CHERTHALA","STATE":"KERALA","RTGS":true,"meta":{"revision":0,"created":1516690522659,"version":0},"$loki":261},{"BANK":"DHANALAKSHMI BANK","IFSC":"DLXB0000266","BRANCH":"T.D.B OFFICE, MAVELIKKARA","ADDRESS":"MAVELIKKARA","CONTACT":"6540458","CITY":"MAVELIKKARA","DISTRICT":"MAVELIKKARA","STATE":"KERALA","RTGS":true,"meta":{"revision":0,"created":1516690522659,"version":0},"$loki":262},{"BANK":"DHANALAKSHMI BANK","IFSC":"DLXB0000267","BRANCH":"T.D.B OFFICE. ETTUMANOOR","ADDRESS":"ETTUMANOOR","CONTACT":"6452392","CITY":"ETTUMANOOR","DISTRICT":"ETTUMANOOR","STATE":"KERALA","RTGS":true,"meta":{"revision":0,"created":1516690522659,"version":0},"$loki":263},{"BANK":"DHANALAKSHMI BANK","IFSC":"DLXB0000268","BRANCH":"VIDYADHIRAJA VIDYA BHAVAN, CHEERAKADA","ADDRESS":"ALUVA","CONTACT":"6453593","CITY":"ALUVA","DISTRICT":"ALUVA","STATE":"KERALA","RTGS":true,"meta":{"revision":0,"created":1516690522659,"version":0},"$loki":264},{"BANK":"DHANALAKSHMI BANK","IFSC":"DLXB0000269","BRANCH":"ATTUKKAL TEMPLE","ADDRESS":"TRIVANDRAM","CONTACT":"6451280","CITY":"TRIVANDRAM","DISTRICT":"TRIVANDRAM","STATE":"KERALA","RTGS":true,"meta":{"revision":0,"created":1516690522659,"version":0},"$loki":265},{"BANK":"DHANALAKSHMI BANK","IFSC":"DLXB0000270","BRANCH":"BAR COUNCIL, VANCHIYOOR","ADDRESS":"VANCHIYOOR","CONTACT":"6451287","CITY":"VANCHIYOOR","DISTRICT":"VANCHIYOOR","STATE":"KERALA","RTGS":true,"meta":{"revision":0,"created":1516690522659,"version":0},"$loki":266},{"BANK":"DHANALAKSHMI BANK","IFSC":"DLXB0000271","BRANCH":"DR.NAIRS HOSPITAL, KOLLAM","ADDRESS":"KOLLAM","CONTACT":"6451307","CITY":"KOLLAM","DISTRICT":"KOLLAM","STATE":"KERALA","RTGS":true,"meta":{"revision":0,"created":1516690522659,"version":0},"$loki":267},{"BANK":"DHANALAKSHMI BANK","IFSC":"DLXB0000272","BRANCH":"G.C.D.A, ERNAKULAM","ADDRESS":"ERNAKULAM","CONTACT":"6453579","CITY":"ERNAKULAM","DISTRICT":"ERNAKULAM","STATE":"KERALA","RTGS":true,"meta":{"revision":0,"created":1516690522659,"version":0},"$loki":268},{"BANK":"DHANALAKSHMI BANK","IFSC":"DLXB0000273","BRANCH":"S.D.COLLEGE, ALAPPUZHA","ADDRESS":"ERNAKULAM","CONTACT":"2268537","CITY":"ERNAKULAM","DISTRICT":"ERNAKULAM","STATE":"KERALA","RTGS":true,"meta":{"revision":0,"created":1516690522659,"version":0},"$loki":269},{"BANK":"DHANALAKSHMI BANK","IFSC":"DLXB0000274","BRANCH":"SHANKERS HOSPITAL, KOLLAM","ADDRESS":"KOLLAM","CONTACT":"6451308","CITY":"KOLLAM","DISTRICT":"KOLLAM","STATE":"KERALA","RTGS":true,"meta":{"revision":0,"created":1516690522659,"version":0},"$loki":270},{"BANK":"DHANALAKSHMI BANK","IFSC":"DLXB0000275","BRANCH":"T.D.B OFFICE.NANTHANCODE","ADDRESS":"NANTHANCODE","CONTACT":"6451276","CITY":"NANTHANCODE","DISTRICT":"NANTHANCODE","STATE":"KERALA","RTGS":true,"meta":{"revision":0,"created":1516690522659,"version":0},"$loki":271},{"BANK":"DHANALAKSHMI BANK","IFSC":"DLXB0000276","BRANCH":"WELCARE HOSPITAL, VYTTILA","ADDRESS":"ERNAKULAM","CONTACT":"6453585","CITY":"ERNAKULAM","DISTRICT":"ERNAKULAM","STATE":"KERALA","RTGS":true,"meta":{"revision":0,"created":1516690522659,"version":0},"$loki":272},{"BANK":"DHANALAKSHMI BANK","IFSC":"DLXB0000277","BRANCH":"CPC THRISSUR","ADDRESS":"MG ROAD THRISSUR","CONTACT":"6454246","CITY":"THRISSUR","DISTRICT":"THRISSUR","STATE":"KERALA","RTGS":true,"meta":{"revision":0,"created":1516690522659,"version":0},"$loki":273},{"BANK":"DHANALAKSHMI BANK","IFSC":"DLXB0000278","BRANCH":"JODHPUR","ADDRESS":"PLOT NO. 76,GROUND FLOOR,LK TOWER, CHOPASANI ROAD,JODHPUR -342002","CONTACT":"2610140","CITY":"JODHPUR","DISTRICT":"JODHPUR","STATE":"RAJASTHAN","meta":{"revision":0,"created":1516690522659,"version":0},"$loki":274},{"BANK":"DHANALAKSHMI BANK","IFSC":"DLXB0000279","BRANCH":"BAREILLY","ADDRESS":"G.F,1160,JANAKPURI,OPP PRABHAT NAGAR GATE,BAREILLY - 243122","CONTACT":"6450119","CITY":"BAREILLY","DISTRICT":"BAREILLY","STATE":"UTTAR PRADESH","meta":{"revision":0,"created":1516690522659,"version":0},"$loki":275},{"BANK":"DHANALAKSHMI BANK","IFSC":"DLXB0000905","BRANCH":"RPC KOLKATA","ADDRESS":"ANANDLOK BUILDING,1ST FLOOR,B BLOCK,227,AJC BOSE ROAD,KOLKATA 700020","CONTACT":null,"CITY":"KOLKATA","DISTRICT":"KOLKATA","STATE":"WEST BENGAL","meta":{"revision":0,"created":1516690522659,"version":0},"$loki":276},{"BANK":"DHANALAKSHMI BANK","IFSC":"DLXB0000993","BRANCH":"RPC COIMBATORE","ADDRESS":"286,STANDARD TOWERS, AVINASHI ROAD,PEELAMEDU,COIMBATORE 641004","CONTACT":null,"CITY":"COIMBATORE","DISTRICT":"COIMBATORE","STATE":"TAMIL NADU","meta":{"revision":0,"created":1516690522659,"version":0},"$loki":277},{"BANK":"DHANALAKSHMI BANK","IFSC":"DLXB0000994","BRANCH":"RPC PALAKKAD","ADDRESS":"1 FLOOR,KRISHNA ARCADE,CHANDRANAGAR,PALAKKAD 678007","CONTACT":null,"CITY":"PALAKKAD","DISTRICT":"PALAKKAD","STATE":"KERALA","RTGS":true,"meta":{"revision":0,"created":1516690522659,"version":0},"$loki":278},{"BANK":"DHANALAKSHMI BANK","IFSC":"DLXB0000996","BRANCH":"RTGS CELL","ADDRESS":"RTGS CELL","CONTACT":null,"CITY":"THRISSUR","DISTRICT":"THRISSUR","STATE":"KERALA","RTGS":true,"meta":{"revision":0,"created":1516690522659,"version":0},"$loki":279},{"BANK":"DHANALAKSHMI BANK","IFSC":"DLXB0000998","BRANCH":"CORPORATE OFFICE","ADDRESS":"THRISSUR","CONTACT":"6617000","CITY":"THRISSUR","DISTRICT":"THRISSUR","STATE":"KERALA","RTGS":true,"meta":{"revision":0,"created":1516690522659,"version":0},"$loki":280},{"BANK":"DHANALAKSHMI BANK","IFSC":"DLXB0000999","BRANCH":"DCS","ADDRESS":"THRISSUR","CONTACT":null,"CITY":"THRISSUR","DISTRICT":"THRISSUR","STATE":"KERALA","RTGS":true,"meta":{"revision":0,"created":1516690522659,"version":0},"$loki":281}],"idIndex":[1,2,3,4,5,6,7,8,9,10,11,12,13,14,15,16,17,18,19,20,21,22,23,24,25,26,27,28,29,30,31,32,33,34,35,36,37,38,39,40,41,42,43,44,45,46,47,48,49,50,51,52,53,54,55,56,57,58,59,60,61,62,63,64,65,66,67,68,69,70,71,72,73,74,75,76,77,78,79,80,81,82,83,84,85,86,87,88,89,90,91,92,93,94,95,96,97,98,99,100,101,102,103,104,105,106,107,108,109,110,111,112,113,114,115,116,117,118,119,120,121,122,123,124,125,126,127,128,129,130,131,132,133,134,135,136,137,138,139,140,141,142,143,144,145,146,147,148,149,150,151,152,153,154,155,156,157,158,159,160,161,162,163,164,165,166,167,168,169,170,171,172,173,174,175,176,177,178,179,180,181,182,183,184,185,186,187,188,189,190,191,192,193,194,195,196,197,198,199,200,201,202,203,204,205,206,207,208,209,210,211,212,213,214,215,216,217,218,219,220,221,222,223,224,225,226,227,228,229,230,231,232,233,234,235,236,237,238,239,240,241,242,243,244,245,246,247,248,249,250,251,252,253,254,255,256,257,258,259,260,261,262,263,264,265,266,267,268,269,270,271,272,273,274,275,276,277,278,279,280,281],"binaryIndices":{},"constraints":null,"uniqueNames":[],"transforms":{},"objType":"bin","dirty":true,"cachedIndex":null,"cachedBinaryIndex":null,"cachedData":null,"adaptiveBinaryIndices":true,"transactional":false,"cloneObjects":false,"cloneMethod":"parse-stringify","asyncListeners":false,"disableChangesApi":true,"disableDeltaChangesApi":true,"autoupdate":false,"serializableIndices":true,"ttl":null,"maxId":281,"DynamicViews":[],"events":{"insert":[null],"update":[null],"pre-insert":[],"pre-update":[],"close":[],"flushbuffer":[],"error":[],"delete":[null],"warning":[null]},"changes":[]}],"databaseVersion":1.5,"engineVersion":1.5,"autosave":false,"autosaveInterval":5000,"autosaveHandle":null,"throttledSaves":true,"options":{"serializationMethod":"normal","destructureDelimiter":"$<\n"},"persistenceMethod":"fs","persistenceAdapter":null,"verbose":false,"events":{"init":[null],"loaded":[],"flushChanges":[],"close":[],"changes":[],"warning":[]},"ENV":"NODEJS"}